YEAR,ARS-AUD,ARS-AUD,ARS-CAD,ARS-CNY,ARS-EUR,ARS-INR,ARS-IDR,ARS-JPY,ARS-KRW,ARS-MXN,ARS-RUB,ARS-SAR,ARS-ZAR,ARS-TRY,ARS-GBP,ARS-USD,AUD-ARS,AUD-BRL,AUD-CAD,AUD-CNY,AUD-EUR,AUD-INR,AUD-IDR,AUD-JPY,AUD-KRW,AUD-MXN,AUD-RUB,AUD-SAR,AUD-ZAR,AUD-TRY,AUD-GBP,AUD-USD,BRL-ARS,BRL-AUD,BRL-CAD,BRL-CNY,BRL-EUR,BRL-INR,BRL-IDR,BRL-JPY,BRL-KRW,BRL-MXN,BRL-RUB,BRL-SAR,BRL-ZAR,BRL-TRY,BRL-GBP,BRL-USD,CAD-ARS,CAD-AUD,CAD-BRL,CAD-CNY,CAD-EUR,CAD-INR,CAD-IDR,CAD-JPY,CAD-KRW,CAD-MXN,CAD-RUB,CAD-SAR,CAD-ZAR,CAD-TRY,CAD-GBP,CAD-USD,CNY-ARS,CNY-AUD,CNY-BRL,CNY-CAD,CNY-EUR,CNY-INR,CNY-IDR,CNY-JPY,CNY-KRW,CNY-MXN,CNY-RUB,CNY-SAR,CNY-ZAR,CNY-TRY,CNY-GBP,CNY-USD,EUR-ARS,EUR-AUD,EUR-BRL,EUR-CAD,EUR-CNY,EUR-INR,EUR-IDR,EUR-JPY,EUR-KRW,EUR-MXN,EUR-RUB,EUR-SAR,EUR-ZAR,EUR-TRY,EUR-GBP,EUR-USD,INR-ARS,INR-AUD,INR-BRL,INR-CAD,INR-CNY,INR-EUR,INR-IDR,INR-JPY,INR-KRW ,INR-MXN,INR-RUB,INR-SAR,INR-ZAR,INR-TRY,INR-GBP,INR-USD,IDR-ARS,IDR-AUD,IDR-BRL,IDR-CAD,IDR-CNY,IDR-EUR,IDR-INR,IDR-JPY,IDR-KRW,IDR-MXN,IDR-RUB,IDR-SAR,IDR-ZAR,IDR-TRY,IDR-GBP,IDR-USD,JPY-ARS,JPY-AUD,JPY-BRL,JPY-CAD,JPY-CNY,JPY-EUR,JPY-INR,JPY-IDR,JPY-KRW,JPY-MXN,JPY-RUB,JPY-SAR,JPY-ZAR,JPY-TRY,JPY-GBP,JPY-USD,KRW-ARS,KRW-AUD,KRW-BRL,KRW-CAD,KRW-CNY,KRW-EUR,KRW-INR,KRW-IDR,KRW-JPY,KRW-MXN,KRW-RUB,KRW-SAR,KRW-ZAR,KRW-TRY,KRW-GBP,KRW-USD,MXN-ARS,MXN-AUD,MXN-BRL,MXN-CAD,MXN-CNY,MXN-EUR,MXN-INR,MXN-IDR,MXN-JPY,MXN-KRW,MXN-RUB,MXN-SAR,MXN-ZAR,MXN-TRY,MXN-GBP,MXN-USD,RUB-ARS,RUB-AUD,RUB-BRL,RUB-CAD,RUB-CNY,RUB-EUR,RUB-INR,RUB-IDR,RUB-JPY,RUB-KRW,RUB-MXN,RUB-SAR,RUB-ZAR,RUB-TRY,RUB-GBP,RUB-USD,SAR-ARS,SAR-AUD,SAR-BRL,SAR-CAD,SAR-CNY,SAR-EUR,SAR-INR,SAR-IDR,SAR-JPY,SAR-KRW,SAR-MXN,SAR-RUB,SAR-ZAR,SAR-TRY,SAR-GBP,SAR-ISD,ZAR-ARS,ZAR-AUD,ZAR-BRL,ZAR-CAD,ZAR-CNY,ZAR-EUR,ZAR-INR,ZAR-IDR,ZAR-JPY,ZAR-KRW,ZAR-MXN,ZAR-RUB,ZAR-SAR,ZAR-TRY,ZAR-GBP,ZAR-USD,TRY-ARS,TRY-AUD,TRY-BRL,TRY-CAD,TRY-CNY,TRY-EUR,TRY-INR,TRY-IDR,TRY-JPY,TRY-KRW,TRY-MXN,TRY-RUB,TRY-SAR,TRY-ZAR,TRY-GBP,TRY-USD,GBP-ARS,GBP-AUD,GBP-BRL,GBP-CAD,GBP-CNY,GBP-EUR,GBP-INR,GBP-IDR,GBP-JPY,GBP-KRW,GBP-MXN,GBP-RUB,GBP-SAR,GBP-ZAR,GBP-TRY,GBP-USD,USD-ARS,USD-AUD,USD-BRL,USD-CAD,USD-CNY,USD-EUR,USD-INR,USD-IDR,USD-JPY,USD-KRW,USD-MXN,USD-RUB,USD-SAR,USD-SAR,USD-TRY,USD-GBP
1991,,,,,,,,,,,,,,,,,,,0.892472113,,,17.71546083,,104.9316072,,2.351241665,,2.921106749,2.150962797,,0.441683025,0.7789618,,,,,,,,,,,,,,,,,,1.12048319,,,,19.84987606,,117.5741019,,2.634526761,,3.273051007,2.410117655,,0.494898405,0.872813602,,,,,,,,,,,,,,,,,,,,,,,,,,,,,,,,,,0.056447868,,0.050378148,,,,5.923165541,,0.13272258,,0.164890249,0.121417265,,0.024932065,0.043970733,,,,,,,,,,,,,,,,,,0.009530017,,0.008505274,,,0.168828643,,,0.022407373,,0.027838197,0.020498712,,0.004209247,0.007423519,,,,,,,,,,,,,,,,,,0.425307196,,0.379574812,,,7.534512975,,44.62816762,,,1.242367721,0.914819956,,0.187850969,0.331298059,,,,,,,,,,,,,,,,,,0.342336,,0.305525333,,,6.06464,,35.92186667,,0.804914667,,0.736352,,0.151204,0.266666667,,0.464908087,,0.414917503,,,8.236061014,,48.78355279,,1.093111266,,1.358046152,,0.20534201,0.362145641,,,,,,,,,,,,,,,,,,2.264067088,,2.020616739,,,40.10899183,,237.5721983,,5.32336887,,6.613581651,4.869924076,,1.763621774,,1.28376,,1.14572,,,22.7424,,134.707,,3.01843,,3.75,2.76132,,0.567015
1992,,,,,,,,,,,,,,,,,,,0.887695076,,,19.03433335,,93.01288877,,2.272904197,,2.754011677,2.094525025,,0.4184438,0.734403114,,,,,,,,,,,,,,,,,,1.126512952,,,,21.44242304,,104.7802239,,2.560456016,,3.102429823,2.359509568,,0.47138236,0.82731462,,,,,,,,,,,,,,,,,,,,,,,,,,,,,,,,,,0.052536644,,0.04663652,,,,4.886585051,,0.119410759,,0.144686532,0.110039316,,0.021983633,0.038583075,,,,,,,,,,,,,,,,,,0.010751198,,0.009543786,,,0.20464189,,,0.024436444,,0.029608925,0.022518654,,0.004498772,0.007895713,,,,,,,,,,,,,,,,,,0.43996575,,0.39055543,,,8.374454748,,40.92248538,,,1.211670813,0.921519274,,0.18410094,0.323112217,,,,,,,,,,,,,,,,,,0.363106667,,0.322328,,,6.911493333,,33.7736,,0.825306667,,0.760536,,0.151939733,0.266666667,,0.477435212,,0.423816887,,,9.087660983,,44.4076283,,1.085164498,,1.31486215,,0.199779804,0.350629907,,,,,,,,,,,,,,,,,,2.389807187,,2.121420072,,,45.48838662,,222.2828701,,5.431802785,,6.581556898,5.005510957,,1.75508184,,1.36165,,1.20873,,,25.9181,,126.651,,3.0949,,3.75,2.85201,,0.569774
1993,,,,,,,,,,,,,,,,,,,0.877264444,,,20.73584213,,75.61609183,,2.118662278,,2.550048961,2.222105864,,0.453403465,0.680013056,,,,,,,,,,,,,,,,,,1.139907137,,,,23.63693443,,86.19532273,,2.415078252,,2.90681901,2.532994334,,0.516837846,0.775151736,,,,,,,,,,,,,,,,,,,,,,,,,,,,,,,,,,0.048225676,,0.042306671,,,,3.64663713,,0.10217392,,0.122977835,0.107162557,,0.021865689,0.032794089,,,,,,,,,,,,,,,,,,0.013224698,,0.011601558,,,0.274225256,,,0.028018669,,0.033723628,0.02938668,,0.005996124,0.008992968,,,,,,,,,,,,,,,,,,0.471995943,,0.414065258,,,9.78723336,,35.69048857,,,1.203612764,1.048824953,,0.214004596,0.320963404,,,,,,,,,,,,,,,,,,0.392149333,,0.344018667,,,8.131546667,,29.6528,,0.830832,,0.871397333,,0.177801867,0.266666667,,0.450023564,,0.394789671,,,9.331617571,,34.02902312,,0.953447949,,1.147582121,,0.204042243,0.306021899,,,,,,,,,,,,,,,,,,2.205541149,,1.934842829,,,45.73375308,,166.7744021,,4.672796836,,5.624237916,4.900945922,,1.499796778,,1.47056,,1.29007,,,30.4933,,111.198,,3.11562,,3.75,3.26774,,0.666757
1994,,,,,,,,,,,,,,,,,,,0.99845732,,,22.93818315,,74.72710656,,2.467643941,,2.741729117,2.596088467,,0.477738622,0.731127765,,,,,,,,,,,,,,,,,,1.001545063,,,,22.97362409,,74.84256466,,2.471456606,,2.745965262,2.600099587,,0.478476758,0.732257403,,,,,,,,,,,,,,,,,,,,,,,,,,,,,,,,,,0.043595432,,0.043528178,,,,3.257760481,,0.107578003,,0.119526865,0.113177598,,0.020827222,0.031873831,,,,,,,,,,,,,,,,,,0.013382025,,0.013361381,,,0.306959338,,,0.033022073,,0.036689887,0.034740921,,0.00639311,0.00978397,,,,,,,,,,,,,,,,,,0.405244851,,0.404619688,,,9.295580602,,30.28277513,,,1.111071606,1.052051483,,0.193601116,0.296285762,,,,,,,,,,,,,,,,,,0.364733333,,0.364170667,,,8.36632,,27.25546667,,0.900032,,0.94688,,0.1742472,0.266666667,,0.385194886,,0.384600653,,,8.835670835,,28.78449927,,0.950523826,,1.056100034,,0.184022474,0.281626676,,,,,,,,,,,,,,,,,,2.093194802,,2.089965673,,,48.01408574,,156.418391,,5.165259471,,5.738973137,5.434118884,,1.530392837,,1.36775,,1.36564,,,31.3737,,102.208,,3.37512,,3.75,3.5508,,0.653427
1995,,,,,,,,,,,,,,,,,,,1.017353209,,,24.03734535,,69.72387567,,4.758545029,,2.779775098,2.688665189,,0.469721207,0.741273359,,,,,,,,,,,,,,,,,,0.982942788,,,,23.62733526,,68.53458075,,4.677377517,,2.732359885,2.642804057,,0.461709073,0.728629303,,,,,,,,,,,,,,,,,,,,,,,,,,,,,,,,,,0.041601932,,0.042323859,,,,2.900647915,,0.197964665,,0.115644014,0.111853666,,0.01954131,0.030838404,,,,,,,,,,,,,,,,,,0.014342289,,0.014591174,,,0.344750562,,,0.06824843,,0.039868339,0.038561614,,0.006736878,0.010631557,,,,,,,,,,,,,,,,,,0.210148269,,0.213795016,,,5.051406513,,14.65235177,,,0.584164925,0.565018335,,0.098711099,0.155777313,,,,,,,,,,,,,,,,,,0.359741333,,0.365984,,,8.647226667,,25.08256,,1.711845333,,0.967224,,0.168978133,0.266666667,,0.371931769,,0.378385979,,,8.940252379,,25.93252442,,1.76985407,,1.03388667,,0.17470424,0.275703112,,,,,,,,,,,,,,,,,,2.128922401,,2.165866037,,,51.17364298,,148.4367208,,10.13057311,,5.917925475,5.72395955,,1.57811346,,1.34903,,1.37244,,,32.4271,,94.0596,,6.41942,,3.75,3.62709,,0.633668
1996,,,,,,,,,,,,,,,,,,,1.06699482,,,27.72854616,,85.12591364,,5.947012975,,2.934593774,3.364492198,,0.501587028,0.78255834,,,,,,,,,,,,,,,,,,0.937211673,,,,25.98751714,,79.78099995,,5.57360998,,2.750335541,3.153241362,,0.470093218,0.733422811,,,,,,,,,,,,,,,,,,,,,,,,,,,,,,,,,,0.036063918,,0.038480013,,,,3.069973923,,0.214472585,,0.105832948,0.121336769,,0.018089193,0.028222119,,,,,,,,,,,,,,,,,,0.011747304,,0.012534313,,,0.325735666,,,0.06986137,,0.034473566,0.039523713,,0.005892295,0.009192951,,,,,,,,,,,,,,,,,,0.168151643,,0.179416932,,,4.662600583,,14.3140622,,,0.493456763,0.565744889,,0.084342683,0.13158847,,,,,,,,,,,,,,,,,,0.340762667,,0.363592,,,9.448853333,,29.00773333,,2.02652,,1.146493333,,0.170922133,0.266666667,,0.297221673,,0.317133985,,,8.241524882,,25.30126647,,1.767581146,,0.872224871,,0.149082536,0.232593299,,,,,,,,,,,,,,,,,,1.993671972,,2.127237666,,,55.28162532,,169.7131481,,11.85639309,,5.850617357,6.707693796,,1.560164629,,1.27786,,1.36347,,,35.4332,,108.779,,7.59945,,3.75,4.29935,,0.640958
1997,,,,,,,,,,,,,,,,,,,1.027638825,,,26.95104573,,89.79723612,,5.876931526,,2.783179207,3.419940922,,0.453350948,0.742181122,,,,,,,,,,,,,,,,,,0.973104534,,,,26.2261848,,87.38209762,,5.718868715,,2.708324306,3.327960018,,0.441157863,0.722219815,,,,,,,,,,,,,,,,,,,,,,,,,,,,,,,,,,0.037104312,,0.038129831,,,,3.331864634,,0.218059499,,0.103267949,0.126894554,,0.016821275,0.02753812,,,,,,,,,,,,,,,,,,0.0111362,,0.011443992,,,0.300132241,,,0.065446686,,0.030994041,0.038085147,,0.005048607,0.008265078,,,,,,,,,,,,,,,,,,0.170156823,,0.174859758,,,4.58590433,,15.27961245,,,0.473576933,0.581926284,,0.077140757,0.126287182,,,,,,,,,,,,,,,,,,0.359301333,,0.369232,,,9.683546667,,32.26426667,,2.111589333,,1.228789333,,0.1628896,0.266666667,,0.292402712,,0.300484379,,,7.880558859,,26.25695536,,1.718430716,,0.813809148,,0.132561047,0.217015773,,,,,,,,,,,,,,,,,,2.205796646,,2.266762273,,,59.44852628,,198.0744422,,12.96331585,,6.13912736,7.543694216,,1.637100629,,1.34738,,1.38462,,,36.3133,,120.991,,7.91846,,3.75,4.60796,,0.610836
1998,,,,,,,,,,,,,,,,,,,0.931921122,,,25.91947633,,82.23554023,,5.739331461,,2.355779198,3.472908539,,0.379326938,0.628207786,,,,,,,,,,,,,,,,,,1.073052189,,,,27.8129508,,88.24302644,,6.158602187,,2.527874024,3.72661211,,0.407037601,0.67409974,,,,,,,,,,,,,,,,,,,,,,,,,,,,,,,,,,0.038581026,,0.035954473,,,,3.172731547,,0.221429299,,0.090888379,0.133988376,,0.014634823,0.024236901,,,,,,,,,,,,,,,,,,0.012160193,,0.01133234,,,0.315185822,,,0.069791375,,0.028646729,0.042231236,,0.004612689,0.007639128,,,,,,,,,,,,,,,,,,0.174236321,,0.162374508,,,4.516114203,,14.328418,,,0.410462301,0.605106808,,0.06609253,0.109456614,,,,,,,,,,,,,,,,,,0.424488,,0.395589333,,,11.00250667,,34.908,,2.436277333,,1.474208,,0.161019733,0.266666667,,0.287943085,,0.268340243,,,7.463333985,,23.67915518,,1.652600809,,0.678330331,,0.109224569,0.180888088,,,,,,,,,,,,,,,,,,2.636248311,,2.456775484,,,68.33017568,,216.793304,,15.13030287,,6.21041893,9.15544927,,1.656111715,,1.59183,,1.48346,,,41.2594,,130.905,,9.13604,,3.75,5.52828,,0.603824
1999,,,,,,,,,,,,,,,,,,,0.958566405,,,27.7785735,,73.49075777,,6.168198974,,2.419432885,3.941727153,,0.398759315,0.645182103,,,,,,,,,,,,,,,,,,1.043224543,,,,28.97928964,,76.66736217,,6.434816555,,2.524011765,4.112106507,,0.415995504,0.673069804,,,,,,,,,,,,,,,,,,,,,,,,,,,,,,,,,,0.035998969,,0.034507402,,,,2.645591494,,0.222048802,,0.087097089,0.141898113,,0.014354924,0.02322589,,,,,,,,,,,,,,,,,,0.013607153,,0.01304336,,,0.377987305,,,0.083931628,,0.032921594,0.053635685,,0.005425979,0.008779092,,,,,,,,,,,,,,,,,,0.162121878,,0.155404586,,,4.503514497,,11.91445965,,,0.392243002,0.639040208,,0.064647609,0.104598134,,,,,,,,,,,,,,,,,,0.41332,,0.396194667,,,11.48144,,30.3752,,2.54944,,1.629194667,,0.1648152,0.266666667,,0.253695896,,0.243184363,,,7.047310082,,18.64430361,,1.564846763,,0.613800193,,0.101163602,0.163680051,,,,,,,,,,,,,,,,,,2.507778409,,2.403872135,,,69.66250686,,184.2985356,,15.46847621,,6.06740155,9.884978246,,1.617973747,,1.54995,,1.48573,,,43.0554,,113.907,,9.5604,,3.75,6.10948,,0.618057
2000,,,,,,,,,,,,,,,,,,1.06063786,0.861018187,,0.629279407,26.05566925,,62.47862108,655.6936046,5.482024315,16.30838981,2.174127305,4.023486373,,0.383186169,0.579767281,,0.942828875,0.811792809,,0.593302795,24.56603732,,58.90664801,618.2068634,5.168610817,15.37602082,2.049830001,3.793459129,,0.361278985,0.546621334,,1.161415653,1.231841412,,0.730854954,30.26146211,,72.56364848,761.5328158,6.366908849,18.9408192,2.525065483,4.672940052,,0.445038415,0.673350796,,,,,,,,,,,,,,,,,,1.589119219,1.685480007,1.368260549,,41.40556477,,99.28597752,1041.975309,8.711590197,25.91597568,3.454947485,6.393799521,,0.608928506,0.921319329,,0.038379363,0.040706606,0.03304533,,0.024151343,,2.397889706,25.16510316,0.210396604,0.62590562,0.083441622,0.154418846,,0.014706441,0.022251099,,,,,,,,,,,,,,,,,,0.016005475,0.016976013,0.013781005,,0.010071916,0.41703336,,10.49468751,0.087742402,0.261023523,0.03479794,0.06439781,,0.006133077,0.009279451,,0.001525103,0.001617582,0.001313141,,0.000959716,0.039737568,,0.095286305,0.008360649,0.024871967,0.003315767,0.006136229,,0.000584398,0.000884205,,0.182414368,0.193475585,0.157062088,,0.114789605,4.752928436,,11.39699817,119.6079344,2.974884618,0.396592058,0.733941723,,0.069898663,0.105757882,,0.061318132,0.065036332,0.052796027,,0.038586238,1.597684968,,3.831072338,40.20590703,0.336147491,0.133313425,0.246712669,,0.02349626,0.035550247,,0.459954667,0.487845333,0.396029333,,0.28944,11.98442667,,28.73733333,301.5893333,2.521482667,7.50112,1.850621333,,0.176248267,0.266666667,,0.24854067,0.263611645,0.213998037,,0.156401526,6.475893502,,15.52847836,162.966528,1.362505998,4.053298136,0.540359058,,0.095237347,0.144095749,,,,,,,,,,,,,,,,,,2.609697533,2.767944006,2.246997039,,1.642228917,67.99741577,,163.0503033,1711.161982,14.30642533,42.55996466,5.673814665,10.50008246,,1.513017244,,1.72483,1.82942,1.48511,,1.0854,44.9416,,107.765,1130.96,9.45556,28.1292,3.75,6.93983,,0.660931
2001,,,,,,,,,,,,,,,,,,1.215258813,0.801038563,,0.577990525,24.40541212,,62.85635965,667.7166087,4.831978236,15.08632282,1.939548163,4.452778467,,0.359284488,0.517212843,,0.822869984,0.65915059,,0.475611054,20.08248107,,51.72261165,549.443955,3.976089852,12.41408222,1.595995965,3.664057745,,0.295644421,0.425598924,,1.248379349,1.517104006,,0.721551435,30.46721248,,78.46858132,833.5636251,6.032141843,18.83345386,2.421291872,5.558756683,,0.448523335,0.645677833,,,,,,,,,,,,,,,,,,1.730132169,2.102558366,1.385902587,,42.22458859,,108.7498098,1155.237984,8.359960985,26.10133243,3.35567467,7.703895267,,0.62160965,0.894846579,,0.040974518,0.049794644,0.032822169,,0.023682883,,2.575509045,27.35936626,0.19798798,0.618154807,0.079472051,0.182450452,,0.014721509,0.021192547,,,,,,,,,,,,,,,,,,0.015909289,0.019333904,0.012743954,,0.009195418,0.388272758,,10.62289659,0.076873339,0.240012672,0.030856833,0.07084054,,0.005715961,0.008228489,,0.001497641,0.001820022,0.001199669,,0.000865623,0.036550554,,0.094136283,0.00723657,0.022593901,0.002904748,0.006668665,,0.000538079,0.000774599,,0.206954575,0.251503371,0.165778595,,0.119617783,5.050811681,,13.00841117,138.1870067,3.122183522,0.401398365,0.921522873,,0.074355568,0.107039564,,0.066285205,0.08055368,0.053097005,,0.03831222,1.617717744,,4.166446681,44.25973225,0.320288668,0.128563347,0.295153333,,0.023815246,0.034283559,,0.515584,0.626568,0.413002667,,0.298002667,12.58304,,32.40773333,344.264,2.491290667,7.778266667,2.295781333,,0.185241333,0.266666667,,0.22457888,0.272921463,0.179896343,,0.129804465,5.480940113,,14.11621084,149.955048,1.085160259,3.388069479,0.435581554,,0.080687708,0.116155081,,,,,,,,,,,,,,,,,,2.783309701,3.382441644,2.229538404,,1.608726634,67.92782028,,174.9487155,1858.462114,13.4488919,41.98990866,5.398363216,12.3934615,,1.439563524,,1.93344,2.34963,1.54876,,1.11751,47.1864,,121.529,1290.99,9.34234,29.1685,3.75,8.60918,,0.694655
2002,,,,,,,,,,,,,,,,,,1.586669275,0.852631808,,0.577297127,26.41060329,,68.1249185,679.733342,5.246207676,17.0320446,2.037423393,5.726898335,,0.362510866,0.543312905,,0.630251065,0.537372105,,0.363842129,16.64531085,,42.93580244,428.4026627,3.306427975,10.73446424,1.284088263,3.609383775,,0.22847286,0.342423537,,1.172839192,1.860907909,,0.677076696,30.97539062,,79.89957434,797.2179033,6.152957969,19.97584941,2.389570005,6.716730813,,0.425166951,0.637218668,,,,,,,,,,,,,,,,,,1.732210249,2.748444779,1.476937556,,45.74871771,,118.006682,1177.441062,9.087534704,29.50308221,3.529245683,9.920191991,,0.627945038,0.941132182,,0.03786358,0.06007698,0.032283693,,0.021858536,,2.579453326,25.73713801,0.198640206,0.644894189,0.077144144,0.216840875,,0.013725959,0.020571772,,,,,,,,,,,,,,,,,,0.014678917,0.023290586,0.012515711,,0.008474096,0.387679044,,9.977749067,0.077008645,0.250011963,0.029907168,0.084064663,,0.005321267,0.007975245,,0.001471165,0.002334253,0.001254362,,0.000849299,0.038854359,,0.100223006,0.007718038,0.02505695,0.002997386,0.008425213,,0.000533313,0.000799303,,0.19061388,0.302441187,0.162523457,,0.110040845,5.034227565,,12.98555504,129.5666096,3.246544103,0.388361178,1.091626312,,0.069099603,0.103562981,,0.058712857,0.093157886,0.05006045,,0.033894764,1.550641977,,3.999808603,39.90908656,0.308019842,0.119622949,0.336242563,,0.021284049,0.031899453,,0.490816,0.778762667,0.418485333,,0.283346667,12.96274667,,33.4368,333.624,2.574922667,8.3596,2.810853333,,0.177926133,0.266666667,,0.174614589,0.277055604,0.148881953,,0.100804501,4.611676644,,11.89560466,118.6913583,0.916064398,2.97404347,0.355763849,,0.063299686,0.09487036,,,,,,,,,,,,,,,,,,2.758538,4.376887487,2.352017242,,1.592496062,72.85465279,,187.9251764,1875.070254,14.47186323,46.98354223,5.620309851,15.79786668,,1.498749294,,1.84056,2.92036,1.56932,,1.06255,48.6103,,125.388,1251.09,9.65596,31.3485,3.75,10.5407,,0.667223
2003,0.531577623,1.060969514,0.483015759,2.853531819,0.305462606,16.05971806,2956.988654,39.9682138,410.8107549,3.71953679,10.58114961,1.292822594,2.607967924,0.517435867,0.211151371,0.344752692,1.881192806,1.995888217,0.908645771,5.36804353,0.574634058,30.21142609,5562.665785,75.18791629,772.8142369,6.997165853,19.90518253,2.432048563,4.906090498,0.973396632,0.397216439,0.648546284,0.942534151,0.501030064,0.455258848,2.689551191,0.287908939,15.13683273,2787.062792,37.67140648,387.2031662,3.505790452,9.97309487,1.218529446,2.458098834,0.487700976,0.199017378,0.324941186,2.070325827,1.100538882,2.196552586,5.907740623,0.632407123,33.24884908,6121.929981,82.7472253,850.5121159,7.700653082,21.90642732,2.676564006,5.39934335,1.07126084,0.437152136,0.713750402,0.350442912,0.18628761,0.371809246,0.169269449,0.107047205,5.628014363,1036.255715,14.00657723,143.9657172,1.303485304,3.708088882,0.453060514,0.913943874,0.181331732,0.073996501,0.120816137,3.27372313,1.740237959,3.473320437,1.581259861,9.341673119,52.57507048,9680.362153,130.844866,1344.88067,12.17673362,34.63975423,4.232343228,8.537764917,1.693941768,0.691251126,1.128624861,0.062267594,0.03310006,0.066064019,0.030076229,0.17768256,0.019020422,184.1245682,2.4887245,25.5801972,0.231606606,0.658862726,0.080500952,0.162391887,0.032219486,0.013147888,0.021466921,0.000338182,0.00017977,0.000358801,0.000163347,0.000965013,0.000103302,0.005431106,0.013516526,0.138928756,0.00125788,0.003578353,0.000437209,0.000881968,0.000174987,7.14E-05,0.000116589,0.025019882,0.01330001,0.026545332,0.012084997,0.07139503,0.007642638,0.401812254,73.98350772,10.27843668,0.093062372,0.264739117,0.032346269,0.06525105,0.012946184,0.005282982,0.008625672,0.002434211,0.001293972,0.002582624,0.001175762,0.006946098,0.00074356,0.03909274,7.197933888,0.09729106,0.009054137,0.025756749,0.003147003,0.006348344,0.001259548,0.000513987,0.000839201,0.268850681,0.142915006,0.285242377,0.129859116,0.767173974,0.08212383,4.317666141,794.9884141,10.74548151,110.4467513,2.844749282,0.347576235,0.701153953,0.139112985,0.05676819,0.092686996,0.094507689,0.050238173,0.100269777,0.045648703,0.269680699,0.028868565,1.517766845,279.458165,3.777303532,38.82477519,0.351524827,0.122181676,0.246473022,0.048901668,0.019955428,0.03258178,0.773501333,0.411176,0.820661333,0.373613333,2.207210667,0.236275733,12.42221333,2287.234667,30.91546667,317.7626667,2.877066667,8.184533333,2.017266667,0.400237333,0.163325867,0.266666667,0.383440299,0.203828283,0.406818467,0.185207707,1.094159093,0.117126673,6.157943091,1133.828613,15.32542384,157.5213986,1.426220298,4.057239169,0.495720282,0.198405764,0.080963945,0.132192075,1.932606653,1.027330451,2.050436741,0.933479469,5.514754579,0.590339066,31.03711798,5714.695947,77.24283592,793.9355982,7.188401548,20.44920014,2.498517546,5.040176162,0.408072544,0.666271346,4.735938949,2.517519168,5.024686843,2.287533144,13.51415248,1.446652255,76.05784428,14004.11774,189.2870205,1945.574655,17.61549916,50.11167857,6.122728876,12.35117687,2.450544678,1.6327277,2.90063,1.54191,3.07748,1.40105,8.27704,0.886034,46.5833,8577.13,115.933,1191.61,10.789,30.692,3.75,7.56475,1.50089,0.612472
2004,0.465142134,1.000622584,0.445051825,2.831320768,0.27549858,15.50183012,3057.794274,37.01057025,391.7901002,3.860705367,9.856566209,1.282796839,2.20972531,0.487647522,0.186836794,0.342079157,2.149880493,2.151218974,0.956808237,6.087001287,0.592289024,33.32708218,6573.89226,79.568303,842.3018937,8.300055157,21.19043942,2.757859901,4.750645339,1.048383894,0.401676779,0.735429307,0.999377803,0.464852724,0.444774915,2.829559129,0.275327166,15.49218494,3055.891724,36.98754239,391.5463297,3.858303249,9.850433487,1.281998687,2.208350427,0.487344109,0.186720545,0.341866317,2.246929332,1.045141504,2.248328235,6.361777682,0.619025841,34.83151681,6870.647646,83.16013589,880.3246683,8.674732133,22.14700773,2.882353845,4.965096617,1.09570952,0.419809073,0.768627692,0.353192055,0.164284506,0.353411947,0.157188769,0.09730391,5.475123236,1079.988643,13.07183936,138.3771506,1.363570462,3.481260874,0.453073652,0.780457423,0.17223323,0.065989271,0.12081964,3.629782769,1.688364903,3.632042614,1.615441446,10.27707934,56.26827587,11099.12897,134.3403302,1422.112955,14.01352182,35.77719419,4.656273863,8.020822857,1.770054572,0.678176976,1.24167303,0.064508512,0.030005627,0.064548674,0.028709631,0.182644291,0.017772004,197.2537597,2.387496828,25.27379652,0.24904836,0.635832423,0.082751316,0.142546093,0.031457416,0.012052564,0.022067018,0.000327033,0.000152117,0.000327237,0.000145547,0.000925936,9.01E-05,0.005069612,0.012103682,0.128128339,0.001262579,0.003223424,0.000419517,0.000722653,0.000159477,6.11E-05,0.000111871,0.027019308,0.012567819,0.02703613,0.012024992,0.076500328,0.007443781,0.418848724,82.61948555,10.58589742,0.104313588,0.266317599,0.034660283,0.059705249,0.013175899,0.005048201,0.009242742,0.002552387,0.001187223,0.002553976,0.001135945,0.007226627,0.000703179,0.039566671,7.804674676,0.094465302,0.009854015,0.025157773,0.003274194,0.005640074,0.001244665,0.00047688,0.000873118,0.259020025,0.120481127,0.259181287,0.115277335,0.733368776,0.071359649,4.015284423,792.0299486,9.586478823,101.4814815,2.553048024,0.332270069,0.572363105,0.126310473,0.048394471,0.088605352,0.101455211,0.047191093,0.101518375,0.045152827,0.287252245,0.027950767,1.572741439,310.2291618,3.754915197,39.74914711,0.391688676,0.130146423,0.224188147,0.049474382,0.018955566,0.034705713,0.779546667,0.3626,0.780032,0.346938667,2.207146667,0.214764,12.0844,2383.693333,28.85146667,305.4186667,3.0096,7.683653333,1.722584,0.380144,0.145648,0.266666667,0.452544936,0.210497717,0.452826684,0.20140595,1.281299877,0.124675488,7.015274727,1383.789315,16.74894616,177.302626,1.747142665,4.460539128,0.580523214,0.220682417,0.084552045,0.15480619,2.050661504,0.953849068,2.051938213,0.912650645,5.806080503,0.564954333,31.78900627,6270.501003,75.89615163,803.4288761,7.916999874,20.21248088,2.630582095,4.531398628,0.383139021,0.701488559,5.352264821,2.48956388,5.355597056,2.382035227,15.15397854,1.47454136,82.96990003,16366.12472,198.0903731,2096.964371,20.66351752,52.75495258,6.865868395,11.82703504,2.610018675,1.830898239,2.9233,1.35975,2.92512,1.30102,8.2768,0.805365,45.3165,8938.85,108.193,1145.32,11.286,28.8137,3.75,6.45969,1.42554,0.54618
2005,0.450972221,0.838386726,0.417321587,2.822065944,0.27693325,15.18772859,3342.243927,37.9583009,352.6996962,3.753159805,9.740947632,1.290467892,2.190108346,0.462719464,0.189415427,0.344392939,2.21743148,1.859065118,0.925382025,6.257737863,0.614080506,33.67774749,7411.196896,84.16993135,782.0874094,8.322374701,21.59988392,2.861524128,4.856415191,1.026048707,0.420015732,0.763667743,1.192766977,0.537904773,0.497767408,3.366067064,0.330316835,18.11542111,3986.518183,45.2754078,420.6885503,4.476645073,11.61868066,1.539227486,2.61228891,0.551916497,0.225928467,0.410780524,2.396233578,1.080634779,2.008970423,6.762329174,0.663596752,36.39334522,8008.797122,90.95695517,845.150855,8.993447547,23.34158579,3.092262494,5.248011157,1.108783918,0.453883607,0.825245923,0.354350331,0.159802156,0.297082613,0.147878042,0.098131389,5.381776645,1184.32524,13.45053647,124.9792539,1.329933417,3.451708012,0.457277724,0.776065616,0.163964795,0.067119419,0.122035752,3.610978461,1.628450978,3.027396409,1.506939263,10.19041934,54.84256081,12068.77083,137.066607,1273.591006,13.55257922,35.17435209,4.659851763,7.908434065,1.670870019,0.683975029,1.243595483,0.06584263,0.029693197,0.055201587,0.027477551,0.185812245,0.018234014,220.0621315,2.499274376,23.22267574,0.247117914,0.641369615,0.084967801,0.144202494,0.030466667,0.01247161,0.022675737,0.0002992,0.000134931,0.000250846,0.000124863,0.000844363,8.29E-05,0.004544171,0.011357131,0.105527814,0.001122946,0.002914493,0.000386108,0.000655281,0.000138446,5.67E-05,0.000103042,0.026344699,0.011880727,0.022087046,0.010994212,0.074346477,0.007295723,0.400116134,88.05040919,9.291767225,0.098875864,0.25662233,0.033996988,0.057697745,0.012190205,0.004990092,0.009072928,0.002835273,0.00127863,0.002377055,0.001183221,0.008001328,0.000785181,0.04306136,9.476174667,0.107622154,0.010641233,0.027618248,0.003658829,0.006209556,0.001311936,0.000537045,0.000976448,0.266442159,0.120158012,0.223381569,0.111192065,0.751917342,0.073786693,4.04665119,890.5146863,10.11369163,93.9740684,2.595399114,0.343835051,0.583537195,0.123287973,0.050468255,0.091760798,0.102659417,0.046296545,0.086068292,0.042841991,0.289711643,0.028429806,1.559163355,343.1128113,3.896777022,36.20794502,0.385297196,0.132478681,0.224835245,0.04750251,0.019445277,0.035355178,0.774912732,0.349464116,0.649676548,0.323387811,2.186854831,0.214599101,11.76916426,2589.947372,29.41437066,273.3114852,2.908371319,7.548384342,1.697142842,0.358567204,0.146780426,0.266874473,0.456598415,0.205913202,0.38280605,0.190548375,1.288550838,0.126447283,6.934692806,1526.06328,17.33170004,161.0421224,1.713686819,4.447701252,0.589225595,0.211276974,0.086486784,0.15724927,2.161136665,0.974612602,1.811868292,0.901888983,6.098870183,0.5984906,32.82275711,7223.045892,82.03307581,762.2322452,8.111091264,21.05151908,2.788877477,4.733123446,0.409352625,0.744280207,5.279401016,2.380863203,4.426179732,2.203208012,14.89881781,1.46204168,80.18210975,17645.04598,200.3970924,1862.043135,19.81443569,51.42636882,6.812897501,11.56246023,2.442881611,1.81818843,2.90366,1.30947,2.43439,1.21176,8.19432,0.80412,44.1,9704.74,110.218,1024.12,10.8979,28.2844,3.74708,6.35933,1.34358,0.549998
2006,0.434785598,0.712216507,0.371396486,2.610553611,0.260988898,14.83379225,2998.818064,38.07701248,312.6044835,3.568465545,8.902501711,1.226136181,2.217047386,0.467683372,0.177941008,0.32740619,2.299984186,1.638086704,0.854206044,6.004232023,0.600270337,34.11748759,6897.234124,87.57652658,718.9853686,8.207414324,20.47561315,2.820093827,5.099173927,1.07566436,0.409261504,0.753029059,1.404067429,0.610468297,0.521465709,3.665393297,0.366446011,20.82764454,4210.542768,53.46269302,438.9177734,5.010366243,12.49971269,1.721577876,3.112884022,0.65665899,0.249841174,0.459700367,2.692540287,1.170677739,1.917671639,7.029020769,0.702723121,39.94058324,8074.43845,102.5238901,841.7001657,9.608237244,23.97034451,3.301421066,5.969489404,1.259256321,0.479113333,0.881554357,0.383060511,0.166549193,0.272822019,0.142267328,0.099974541,5.682240037,1148.72878,14.58579986,119.7464332,1.366938235,3.410196854,0.469684352,0.849263304,0.179151031,0.068162173,0.125416382,3.831580611,1.665916068,2.72891496,1.423035573,10.0025466,56.83687077,11490.21315,145.8951428,1197.769278,13.6728634,34.11065295,4.698039619,8.494795776,1.79196654,0.681795316,1.254483209,0.067413645,0.029310482,0.048013111,0.025037191,0.175986934,0.017594213,202.1612554,2.566910191,21.07380758,0.240563268,0.600150087,0.082658309,0.149459245,0.031528241,0.011995652,0.022071645,0.000333465,0.000144986,0.000237499,0.000123848,0.000870528,8.70E-05,0.004946546,0.01269734,0.104242564,0.001189957,0.00296867,0.000408873,0.000739307,0.000155956,0.000059337,0.000109178,0.026262565,0.011418585,0.018704632,0.009753824,0.068559833,0.006854238,0.389573427,78.75665311,8.209795441,0.093717057,0.233802526,0.032201481,0.05822535,0.012282565,0.004673187,0.008598526,0.00319893,0.001390849,0.002278331,0.001188072,0.008350979,0.000834885,0.04745227,9.593010408,0.121805715,0.011415273,0.028478484,0.003922324,0.00709218,0.001496087,0.000569221,0.00104735,0.280232494,0.121841053,0.199586208,0.104077364,0.73156195,0.07313757,4.156910599,840.3662654,10.67041618,87.60193409,2.494770258,0.3436032,0.621288718,0.131060078,0.049864853,0.091749853,0.112327976,0.048838586,0.080001839,0.041718216,0.293238204,0.029316355,1.666249862,336.851164,4.277113751,35.11422897,0.400838513,0.137729396,0.249036446,0.052533927,0.019987753,0.036776875,0.815570094,0.354598131,0.580862483,0.302899867,2.129089453,0.21285474,12.09799733,2445.746328,31.05447263,254.9508678,2.910333778,7.260614152,1.808157543,0.381428571,0.145123365,0.267022697,0.45105035,0.196110196,0.321245505,0.167518515,1.177491121,0.117719134,6.690787191,1352.617938,17.17464982,141.0003618,1.609557635,4.015476516,0.553049154,0.210948749,0.080260354,0.147676677,2.138198747,0.929658021,1.522860443,0.7941195,5.58188246,0.558046134,31.717596,6412.069026,81.41622038,668.4105149,7.630088558,19.035318,2.621722846,4.740487942,0.38047324,0.700059505,5.619840033,2.44342551,4.002542839,2.087188838,14.67089369,1.466715855,83.36353951,16852.87781,213.9867191,1756.787191,20.05420553,50.03063551,6.890689198,12.45945165,2.628305737,1.839970413,3.05431,1.32797,2.17533,1.13436,7.97344,0.797141,45.307,9159.32,116.299,954.791,10.8992,27.191,3.745,6.77155,1.42845,0.543487
2007,0.386048164,0.628966453,0.346970749,2.457490349,0.236020868,13.35696865,2952.853197,38.03853795,300.1815451,3.530179445,8.263466477,1.21056967,2.275890362,0.420890605,0.161443316,0.323033935,2.590350356,1.629243475,0.898775804,6.365761001,0.611376739,34.5992285,7648.924331,98.53314032,777.5753722,9.144401583,21.40527333,3.135799577,5.89535341,1.090254127,0.41819475,0.836771068,1.589909916,0.613781804,0.551652235,3.907188274,0.375251918,21.2363769,4694.770577,60.47784865,477.2616149,5.612667304,13.13816729,1.924696722,3.618460654,0.669178146,0.256680328,0.513594856,2.882087329,1.112624523,1.812736244,7.082701797,0.680232753,38.4959501,8510.380784,109.6303882,865.1494274,10.17428545,23.81603203,3.488967508,6.559314775,1.213043478,0.465293734,0.93101201,0.406919197,0.157090409,0.255938524,0.141189059,0.096041422,5.435206959,1201.572652,15.47861132,122.1496333,1.436497786,3.362563145,0.492604038,0.926103479,0.171268467,0.065694384,0.131448709,4.236913492,1.635652676,2.66487645,1.470085049,10.41217402,56.59232068,12510.98355,161.1659947,1271.843238,14.95706492,35.01159261,5.129078969,9.642750582,1.783277081,0.684021362,1.368666836,0.074867287,0.028902379,0.047089012,0.025976759,0.183985634,0.017670242,221.0721066,2.847842122,22.47377777,0.264294956,0.618663313,0.090632067,0.170389736,0.031510938,0.012086823,0.024184674,0.000338656,0.000130737,0.000213003,0.000117504,0.000832243,7.99E-05,0.004523411,0.01288196,0.101658134,0.001195515,0.002798468,0.000409966,0.000770743,0.000142537,5.47E-05,0.000109397,0.026289128,0.01014887,0.01653498,0.009121559,0.064605279,0.006204783,0.351143061,77.62793621,7.891511116,0.09280534,0.217239329,0.031824821,0.059831174,0.011064847,0.004244204,0.008492281,0.003331317,0.001286049,0.002095287,0.00115587,0.00818668,0.00078626,0.044496302,9.836891194,0.126718443,0.011760148,0.02752823,0.004032792,0.007581713,0.00140212,0.000537819,0.001076129,0.283271719,0.109356527,0.178168408,0.098287001,0.696137516,0.066858037,3.783651471,836.4598012,10.77524203,85.0329423,2.340806354,0.342920152,0.644695375,0.119226405,0.045732326,0.091506378,0.121014589,0.04671746,0.076114117,0.041988523,0.297392185,0.028561968,1.616388072,357.3383162,4.603218039,36.32634632,0.427203215,0.146496591,0.275415937,0.050933904,0.019536997,0.039091819,0.826057372,0.318897932,0.519562375,0.286617745,2.030028019,0.194966778,11.03362241,2439.226151,31.42201468,247.9671781,2.916130754,6.826097398,1.880016011,0.347679787,0.133361441,0.266844563,0.439388477,0.169625115,0.276360612,0.152454949,1.079792942,0.10370485,5.868898112,1297.449669,16.71369525,131.8963119,1.55112017,3.63087195,0.531910364,0.184934482,0.070936333,0.141937389,2.375914286,0.917217349,1.494370381,0.82437276,5.838786428,0.560765352,31.73501263,7015.726094,90.37630571,713.2056212,8.387403775,19.63328805,2.876209773,5.407320424,0.38357548,0.76750094,6.194124521,2.391230401,3.895896529,2.149180026,15.22200123,1.461942646,82.73472704,18290.3404,235.6154406,1859.361869,21.86637107,51.18494033,7.498419279,14.0971483,2.607048814,2.000912416,3.09565,1.19507,1.94706,1.0741,7.60753,0.730638,41.3485,9141,117.754,929.257,10.9282,25.5808,3.7475,7.04536,1.30293,0.499772
2008,0.379172816,0.583230497,0.339372042,2.210017938,0.217124765,13.83682764,3084.753957,32.87332706,350.5069717,3.539800774,7.904464149,1.192687395,2.62748079,0.4139484,0.173008371,0.318049972,2.637319868,1.538165378,0.895032629,5.828524216,0.572627456,36.49214045,8135.482897,86.69747857,924.3990002,9.335586908,20.84660035,3.145498163,6.929507289,1.091714338,0.456278414,0.83879951,1.71458798,0.650125152,0.581883224,3.789270192,0.372279512,23.72445836,5289.082055,56.36421143,600.9750405,6.069299858,13.55289922,2.044967471,4.50504698,0.70975095,0.296638074,0.545324659,2.946618684,1.117277703,1.71855788,6.512080147,0.639783888,40.77185485,9089.593642,96.86515969,1032.810391,10.43044309,23.29144175,3.514394962,7.742183986,1.219748088,0.509789699,0.93717199,0.452485015,0.171570017,0.26390306,0.153560764,0.098245702,6.260957164,1395.804941,14.87468789,158.5991524,1.601706806,3.57665158,0.539673174,1.188895685,0.187305448,0.078283695,0.143912846,4.605646904,1.746336104,2.686153734,1.563027795,10.17856227,63.72754239,14207.28751,151.402937,1614.311349,16.30307247,36.40517084,5.493097008,12.10124876,1.906500165,0.796815469,1.464825869,0.072270901,0.027403161,0.042150594,0.024526723,0.159719988,0.015691802,222.9379476,2.375784964,25.33145463,0.255824591,0.571262746,0.086196593,0.189890404,0.029916424,0.012503471,0.022985758,0.000324175,0.000122918,0.000189069,0.000110016,0.000716433,7.04E-05,0.004485553,0.01065671,0.113625585,0.001147515,0.002562429,0.000386639,0.000851764,0.000134192,0.000056085,0.000103104,0.030419799,0.011534361,0.017741755,0.010323629,0.067228301,0.006604892,0.420913515,93.83759518,10.66235161,0.107680028,0.24045221,0.036281311,0.079927437,0.012592227,0.00526288,0.009675016,0.00285301,0.001081784,0.001663963,0.000968232,0.006305204,0.000619459,0.039476612,8.800834808,0.093787941,0.010099088,0.022551518,0.003402749,0.00749623,0.001180999,0.000493595,0.0009074,0.282501775,0.107116993,0.16476365,0.095873204,0.624333989,0.061338131,3.908928363,871.4484667,9.286773228,99.01884148,2.233025149,0.336936306,0.742267986,0.116941157,0.048875172,0.089849682,0.12651079,0.047969452,0.073784951,0.042934225,0.279591114,0.027468625,1.750507989,390.2546584,4.158830559,44.3429137,0.447822991,0.150887824,0.332404669,0.052368939,0.021887426,0.040236753,0.838442667,0.317914667,0.489005333,0.284544,1.852973333,0.182046667,11.60138667,2586.389333,27.5624,293.88,2.96792,6.62744,2.202992,0.347072,0.1450576,0.266666667,0.380592697,0.144310405,0.221973268,0.129162521,0.841116687,0.0826361,5.26619555,1174.034828,12.5113482,133.4003936,1.347222323,3.008381329,0.453928112,0.157545738,0.065845723,0.121047497,2.415760034,0.915990534,1.408944926,0.819841416,5.33887301,0.524521329,33.42645522,7452.025324,79.4140697,846.7407339,8.551309238,19.09528859,2.881246543,6.347363083,0.417946709,0.768332411,5.780067137,2.191644331,3.37111143,1.961593188,12.77405205,1.254995717,79.97779273,17830.08497,190.0100374,2025.953828,20.46028612,45.68833346,6.893813216,15.18701536,2.392649541,1.838350191,3.14416,1.19218,1.83377,1.06704,6.94865,0.682675,43.5052,9698.96,103.359,1102.05,11.1297,24.8529,3.75,8.26122,1.30152,0.543966
2009,0.345593527,0.538913941,0.308104072,1.841298506,0.19402201,13.04686384,2800.429098,25.22030344,344.1757792,3.642344836,8.555110226,1.010751703,2.283940368,0.417766589,0.173018859,0.269533787,2.893572715,1.559386674,0.891521537,5.327931118,0.561416795,37.75204923,8103.245229,72.97678191,995.8976439,10.53938964,24.75483353,2.924683549,6.608747534,1.208838004,0.500642651,0.779915613,1.855583841,0.641277764,0.571712938,3.416683755,0.360024107,24.20954972,5196.430983,46.79838754,638.6470144,6.758676223,15.8747243,1.875534527,4.238042842,0.775200932,0.321051,0.500142541,3.245656548,1.121677893,1.74912956,5.976222553,0.629728808,42.34563905,9089.231038,81.85644301,1117.076371,11.82180037,27.76694952,3.280552883,7.412886012,1.355926866,0.561559794,0.874814102,0.543094993,0.187690114,0.292681463,0.167329779,0.105372382,7.085686431,1520.899022,13.69702053,186.9201425,1.978139245,4.646237532,0.548934189,1.240396579,0.226886943,0.093965676,0.146382451,5.154054426,1.781207847,2.77759178,1.587985158,9.490152714,67.24424631,14433.56399,129.9868166,1773.900698,18.77284352,44.09350372,5.209469287,11.77155296,2.153191738,0.891748617,1.38919181,0.076646772,0.026488628,0.041306014,0.023615183,0.141129587,0.014871161,214.643851,1.933054851,26.37996252,0.279173975,0.655721584,0.077470856,0.175056657,0.032020461,0.013261337,0.020658895,0.000357088,0.000123407,0.00019244,0.00011002,0.000657506,0.000069283,0.00465888,0.009005871,0.122901087,0.001300638,0.003054928,0.000360927,0.000815568,0.00014918,0.000061783,9.62E-05,0.039650594,0.013702989,0.021368258,0.012216509,0.073008579,0.007693088,0.517315895,111.0386758,13.64677392,0.144421135,0.339215198,0.040076905,0.090559591,0.016564693,0.006860301,0.010687175,0.002905492,0.001004119,0.00156581,0.000895194,0.005349878,0.000563729,0.03790756,8.136624561,0.073277392,0.010582804,0.024856805,0.002936731,0.006635971,0.001213818,0.000502705,0.000783128,0.274548415,0.094882155,0.147957968,0.084589485,0.505525586,0.053268435,3.581995782,768.8533689,6.924194324,94.49291449,2.348791949,0.277500278,0.627052207,0.114697155,0.047502054,0.074000074,0.116889201,0.040396151,0.06299322,0.036014039,0.215227911,0.022679078,1.525037492,327.3399201,2.947981122,40.23043188,0.425750778,0.118145959,0.266967965,0.048832403,0.020224036,0.031505589,0.989362667,0.341917333,0.533181333,0.304826667,1.821712,0.191958133,12.90808,2770.64,24.95202667,340.5146667,3.6036,8.464106667,2.259645333,0.413322667,0.1711784,0.266666667,0.437839803,0.151314602,0.235957973,0.134900226,0.806193774,0.084950559,5.712436288,1226.139323,11.04245268,150.6938552,1.594763544,3.745767772,0.442547326,0.182914841,0.075754543,0.11801262,2.393681127,0.827240703,1.289988129,0.737502903,4.407481483,0.464426824,31.23003174,6703.33428,60.36936437,823.847067,8.718612093,20.47820589,2.419417275,5.467024956,0.414151978,0.64517794,5.779716756,1.997432698,3.114769932,1.78075427,10.64218383,1.121392263,75.40717754,16185.68698,145.7662104,1989.238518,21.05172148,49.44611392,5.841858552,13.20052842,2.414572555,1.557828947,3.71011,1.28219,1.99943,1.1431,6.83142,0.719843,48.4053,10389.9,93.5701,1276.93,13.5135,31.7404,3.75,8.47367,1.54996,0.641919
2010,0.27979365,0.451512974,0.264394426,1.737615173,0.19378513,11.73569797,2333.092934,22.52904037,296.7071324,3.243076765,7.794035367,0.962451557,1.879018556,0.385712086,0.166100916,0.256653748,3.574062523,1.613735598,0.944962207,6.21034527,0.692600169,41.94411829,8338.620019,80.52019887,1060.449842,11.59095913,27.85636971,3.439862039,6.715729801,1.378559111,0.59365506,0.917296544,2.214775783,0.619680201,0.585574371,3.848428005,0.429190612,25.99193966,5167.277729,49.89677302,657.1397714,7.182687881,17.26204078,2.1316144,4.161604793,0.854265787,0.367876287,0.568430507,3.782228003,1.05824338,1.707725014,6.572056768,0.732939543,44.3870855,8824.289431,85.20996738,1122.214025,12.26605576,29.47881882,3.640211229,7.106876602,1.458851052,0.628231537,0.970722995,0.57550142,0.161021643,0.259846358,0.152159367,0.111523617,6.753910849,1342.698297,12.96549473,170.7553761,1.866395284,4.485478423,0.553892238,1.081377848,0.221977853,0.095591313,0.147704597,5.160354681,1.443834473,2.329967088,1.364369011,8.966710593,60.56036395,12039.58704,116.2578389,1531.11404,16.73542637,40.21998689,4.966591395,9.696402201,1.990411168,0.857139641,1.324424372,0.0852101,0.023841245,0.038473466,0.022529076,0.148062363,0.01651245,198.8030827,1.919701788,25.28244448,0.276342896,0.664130535,0.082010594,0.16011136,0.032866566,0.014153476,0.021869492,0.000428616,0.000119924,0.000193526,0.000113324,0.000744769,8.31E-05,0.005030103,0.009656298,0.127173302,0.001390033,0.003340645,0.000412522,0.000805377,0.000165322,7.12E-05,0.000110006,0.044387155,0.012419244,0.020041376,0.011735716,0.077127794,0.008601571,0.520914241,103.559357,13.16998538,0.14395095,0.345955054,0.042720486,0.083404287,0.017120662,0.007372747,0.01139213,0.003370327,0.000942996,0.001521746,0.000891096,0.005856331,0.000653119,0.039553137,7.863285643,0.075930229,0.010930229,0.026268446,0.003243776,0.006332907,0.001299976,0.000559814,0.000865007,0.308349161,0.086274137,0.139223647,0.081525799,0.535792181,0.059753482,3.618692624,719.4072491,6.9468107,91.48939538,2.403284267,0.29677113,0.579393796,0.118933998,0.051217078,0.079138968,0.128303241,0.035898432,0.057930578,0.033922662,0.222941659,0.02486326,1.505728088,299.3433856,2.890548902,38.06848679,0.416097261,0.123485654,0.241084171,0.049488111,0.021311286,0.032929508,1.039013333,0.290709333,0.469128,0.274709333,1.805405333,0.201345333,12.19354667,2424.114667,23.40797333,308.2826667,3.3696,8.098106667,1.952325333,0.40076,0.172581067,0.266666667,0.532192722,0.148904144,0.240291919,0.140708789,0.924746149,0.103131036,6.245653047,1241.655079,11.98979132,157.9053764,1.725941851,4.147928897,0.512209714,0.205273165,0.088397699,0.136589257,2.592607379,0.725395083,1.170595868,0.685470939,4.504953921,0.502408757,30.42605716,6048.793958,58.40895632,769.245101,8.408024753,20.20687361,2.495259008,4.871557374,0.430634461,0.665402402,6.020436386,1.684479873,2.718305137,1.59176982,10.46120162,1.166671045,70.65402308,14046.23759,135.6346544,1786.306416,19.52473736,46.92349412,5.794378371,11.31251169,2.322155076,1.545167566,3.8963,1.09016,1.75923,1.03016,6.77027,0.755045,45.7258,9090.43,87.7799,1156.06,12.636,30.3679,3.75,7.32122,1.50285,0.647179
2011,0.235871041,0.407000735,0.2407536,1.572077837,0.175019586,11.35496601,2133.851888,19.41710015,269.6477492,3.02259777,7.148734593,0.912377681,1.766638119,0.407516532,0.151853951,0.243300715,4.239604812,1.725522274,1.02070012,6.664988762,0.742013878,48.14056854,9046.688734,82.32083122,1143.199895,12.81462005,30.30780958,3.868120805,7.489847472,1.727709051,0.643800743,1.031498881,2.456998021,0.579534681,0.591531118,3.862592134,0.430022776,27.89912902,5242.869867,47.70777664,662.5239863,7.426516741,17.56442675,2.241710156,4.340626364,1.001267314,0.373104858,0.597789375,4.153624293,0.979719685,1.690528139,6.529820693,0.726965603,47.16426267,8863.21904,80.65133887,1120.015442,12.55473553,29.69315767,3.789674098,7.337951009,1.692670568,0.630744262,1.01057976,0.636100819,0.150037762,0.258893501,0.153143562,0.111330102,7.222903183,1357.344934,12.35123331,171.5231542,1.922676918,4.547315932,0.58036419,1.123759955,0.2592216,0.096594423,0.154763784,5.713646253,1.347683689,2.325458223,1.375580902,8.982296641,64.878259,12192.07484,110.9424415,1540.671852,17.27005442,40.84534062,5.213003316,10.09394527,2.328405308,0.867639761,1.390134218,0.088067195,0.020772501,0.035843413,0.021202494,0.138448485,0.015413484,187.9223492,1.710009535,23.74712077,0.266191706,0.629569,0.080350543,0.155582863,0.035888838,0.013373352,0.021426811,0.000468636,0.000110538,0.000190735,0.000112826,0.000736732,8.20E-05,0.005321347,0.009099554,0.126366666,0.001416498,0.003350155,0.000427573,0.00082791,0.000190977,7.12E-05,0.00011402,0.051500996,0.012147594,0.020960943,0.01239905,0.080963575,0.009013683,0.584792061,109.8954979,13.8871277,0.155666796,0.368166953,0.046988359,0.090983623,0.020987507,0.00782063,0.012530229,0.003708542,0.000874738,0.001509379,0.000892845,0.005830117,0.000649068,0.042110368,7.913479324,0.072009131,0.011209431,0.026511382,0.003383591,0.006551652,0.001511292,0.000563157,0.000902291,0.330841242,0.078035868,0.134652629,0.07965122,0.520108184,0.057903697,3.756691056,705.9662087,6.423977526,89.21059622,2.365096231,0.301852165,0.584476749,0.134823276,0.05023955,0.080493911,0.139884897,0.032994796,0.056933256,0.033677792,0.219909946,0.024482597,1.588388247,298.4936509,2.716159048,37.71964754,0.422815777,0.127627858,0.247125991,0.057005408,0.021242074,0.034034095,1.096037333,0.258523467,0.446088,0.263874933,1.723056,0.191828,12.44546667,2338.781333,21.28186667,295.544,3.31288,7.83528,1.936301333,0.446653333,0.1664376,0.266666667,0.566046883,0.133514067,0.230381497,0.136277825,0.889869759,0.099069291,6.427443112,1207.860209,10.99098901,152.6332678,1.710932045,4.04651893,0.516448542,0.230673463,0.085956456,0.137719611,2.453888176,0.578801158,0.998734291,0.590782411,3.857703215,0.429478492,27.86381683,5236.233917,47.64739246,661.6854234,7.417116929,17.54219529,2.238872802,4.335132392,0.372632616,0.597032747,6.585274802,1.553275622,2.680211683,1.585428613,10.35256456,1.152552068,74.77557155,14052.00107,127.8669403,1775.704528,19.90463693,47.07638178,6.00825775,11.63379749,2.683608351,1.602202067,4.11014,0.969463,1.67283,0.989531,6.46146,0.719355,46.6705,8770.43,79.807,1108.29,12.4233,29.3823,3.75,7.26113,1.67495,0.624141
2012,0.212875447,0.430482727,0.220234388,1.391321885,0.171546398,11.77827297,2068.938688,17.58689246,248.2890413,2.902733787,6.797504039,0.826550112,1.8095871,0.3958624,0.139532018,0.220413363,4.697582628,2.022228182,1.034569233,6.535849518,0.80585338,55.32941051,9719.010438,82.6158805,1166.358287,13.63583181,31.93183689,3.882787448,8.500684924,1.859596335,0.655463186,1.035409986,2.322973575,0.494504037,0.511598663,3.232003973,0.39849775,27.36061688,4806.089899,40.85388645,576.7688818,6.742973882,15.79042226,1.920054069,4.203623014,0.919577895,0.324129192,0.512014418,4.540616981,0.966585868,1.954657182,6.317459777,0.778926488,53.48062627,9394.258138,79.85534254,1127.385437,13.18020232,30.86486227,3.753047475,8.216641913,1.797459537,0.633561452,1.00081266,0.71874094,0.153002299,0.30940556,0.158291471,0.12329742,8.465526992,1487.030938,12.64041962,178.455499,2.086313612,4.885644445,0.594075405,1.300624334,0.284522514,0.100287374,0.158420108,5.829326707,1.240920526,2.509424459,1.283818197,8.110469823,68.6594012,12060.51955,102.5197419,1447.357939,16.92098359,39.62487184,4.818230643,10.54867441,2.307611263,0.813377721,1.284861505,0.084902091,0.018073571,0.036548884,0.01869836,0.118126137,0.014564648,175.6572201,1.493163938,21.0802587,0.246448167,0.577122304,0.070175833,0.153637728,0.033609545,0.01184656,0.018713555,0.00048334,0.000102891,0.000208069,0.000106448,0.000672481,8.29E-05,0.005692906,0.008500442,0.120007926,0.001403006,0.003285503,0.000399504,0.000874645,0.000191336,6.74E-05,0.000106535,0.056860529,0.01210421,0.024477475,0.012522644,0.079111298,0.009754219,0.669718826,117.6409472,14.11784611,0.165050977,0.386509672,0.046998076,0.102894079,0.022508945,0.007933864,0.01253282,0.004027564,0.00085737,0.001733797,0.000887008,0.005603638,0.000690914,0.047437748,8.332782941,0.070832335,0.011690946,0.027377382,0.003328984,0.007288228,0.001594361,0.000561974,0.000887729,0.344502829,0.073336194,0.148302517,0.07587137,0.479314325,0.059098219,4.057648354,712.7552299,6.058734196,85.536277,2.341759368,0.284748852,0.623407874,0.136375717,0.048069175,0.075933027,0.147112822,0.031316708,0.063329529,0.032399302,0.204681289,0.025236675,1.732734972,304.3674083,2.587257375,36.52650147,0.427029358,0.121596119,0.266213464,0.058236435,0.020526949,0.032425632,1.209848,0.257546933,0.520818667,0.266450133,1.683288,0.207545067,14.24992,2503.101333,21.27746667,300.392,3.511866667,8.223946667,2.189325333,0.478933333,0.168812533,0.266666667,0.552612251,0.11763758,0.237890029,0.121704221,0.768861518,0.094798641,6.508817937,1143.320865,9.718732224,137.2075659,1.604086251,3.756384006,0.456761718,0.218758412,0.077107103,0.121803125,2.52613029,0.537751114,1.087455457,0.556340757,3.514660356,0.433348552,29.75345212,5226.408686,44.42678174,627.2104677,7.332683742,17.17138085,2.087973274,4.571252784,0.352476058,0.556792873,7.166813839,1.525638697,3.085189567,1.578378857,9.97134494,1.2294411,84.41268974,14827.69842,126.0419842,1779.441337,20.80335267,48.71644601,5.923730781,12.96897387,2.837072129,1.579661542,4.53693,0.965801,1.95307,0.999188,6.31233,0.778294,53.4372,9386.63,79.7905,1126.47,13.1695,30.8398,3.75,8.20997,1.796,0.633047
2013,0.189736873,0.394935295,0.188630515,1.134889685,0.137957632,10.7334756,1916.198815,17.87679852,200.5458525,2.339472648,5.831664942,0.68689496,1.768536547,0.348717338,0.117167978,0.183171989,5.270456827,2.081489419,0.994168984,5.981387087,0.727099745,56.57031974,10099.24313,94.21889481,1056.968258,12.33008959,30.73553831,3.620250232,9.320995521,1.837899676,0.617528769,0.965400062,2.53206035,0.480425214,0.477623847,2.873609172,0.349317051,27.17780798,4851.931042,45.26513272,507.7942015,5.923685932,14.76612757,1.739259493,4.478041269,0.882973345,0.296676391,0.463802531,5.301369198,1.005865217,2.093697805,6.016469217,0.731364343,56.90211692,10158.47737,94.77150903,1063.167605,12.40240823,30.91580889,3.641483783,9.375665178,1.848679355,0.621150709,0.971062342,0.881142911,0.167185301,0.347994435,0.166210441,0.12156039,9.457725929,1688.445001,15.75201428,176.7095562,2.061409738,5.138530221,0.605252624,1.558333441,0.30726981,0.103241733,0.1614007,7.248602221,1.375327122,2.862728853,1.367307567,8.226363889,77.80269505,13889.76298,129.5818015,1453.677112,16.95790663,42.27141945,4.979028333,12.81941794,2.527713272,0.849304065,1.327740889,0.093166467,0.017677114,0.036794726,0.017574039,0.105733662,0.012853025,178.5254737,1.665518159,18.68414855,0.217960401,0.543315619,0.063995577,0.164768302,0.032488762,0.010916127,0.017065487,0.000521867,9.90E-05,0.000206104,9.84E-05,0.000592261,7.20E-05,0.005601442,0.009329303,0.104658165,0.001220892,0.003043351,0.000358468,0.00092294,0.000181984,0.000061146,9.56E-05,0.055938428,0.010613582,0.022092059,0.010551694,0.063483945,0.007717133,0.600413748,107.1891487,11.21821966,0.130866421,0.326214167,0.038423824,0.098929154,0.0195067,0.006554192,0.010246353,0.004986391,0.000946102,0.001969302,0.000940586,0.005659004,0.000687911,0.053521304,9.554916199,0.089140704,0.011665525,0.029078961,0.003425127,0.008818614,0.001738841,0.000584245,0.000913367,0.427446759,0.081102412,0.168813812,0.080629502,0.485104917,0.058969543,4.587989352,819.0729721,7.64137958,85.7226746,2.492726276,0.293611024,0.755955215,0.149058096,0.050083072,0.078296273,0.171477616,0.032535627,0.067722563,0.032345911,0.194608177,0.023656646,1.840550804,328.5852041,3.065470787,34.38912464,0.401167192,0.11778711,0.303264431,0.059797218,0.020091686,0.031409896,1.455826667,0.276224,0.574957333,0.274613333,1.652202667,0.2008424,15.62608,2789.653333,26.02552,291.96,3.405866667,8.489893333,2.574682667,0.507672,0.170576267,0.266666667,0.565439262,0.107284678,0.223311921,0.106659099,0.641711186,0.078006662,6.069128519,1083.494044,10.10824376,113.3964988,1.322829687,3.29745232,0.388397379,0.197178474,0.066251375,0.103572635,2.86765208,0.54409934,1.132537019,0.540926688,3.254468765,0.395614491,30.77987362,5494.991517,51.26443846,575.0957311,6.708793604,16.7231861,1.969775761,5.071547508,0.335996995,0.525273536,8.534755128,1.619357754,3.37067603,1.609915252,9.686005556,1.17743461,91.60758589,16354.28766,152.5740978,1711.609743,19.96682618,49.77183227,5.862480283,15.09402637,2.97621709,1.563328075,5.45935,1.03584,2.15609,1.0298,6.19576,0.753159,58.5978,10461.2,97.5957,1094.85,12.772,31.8371,3.75,9.65506,1.90377,0.639661
2014,0.13737728,0.291376893,0.136973579,0.760769905,0.093338064,7.557570759,1469.323664,13.11966892,130.3930019,1.646072954,4.752553472,0.464380183,1.343941015,0.271017228,0.075258072,0.123834715,7.279224057,2.120997692,0.997061369,5.537814596,0.67942868,55.01325088,10695.53616,95.50100959,949.159876,11.98213384,34.59490156,3.380327396,9.782847768,1.972795125,0.547820365,0.901420639,3.43198113,0.471476232,0.470090737,2.610947959,0.320334474,25.93744023,5042.69109,45.02645615,447.5063219,5.649291315,16.31067384,1.593744024,4.612380204,0.930126012,0.258284281,0.424998406,7.300678058,1.002947292,2.127248893,5.554136154,0.681431155,55.17539101,10727.05904,95.78247898,951.9573275,12.01744869,34.69686285,3.390290209,9.81168068,1.978609529,0.549434952,0.904077389,1.314457884,0.180576649,0.383002655,0.180046,0.122688954,9.93410847,1931.364075,17.24525225,171.3961093,2.163693572,6.247031382,0.610408192,1.766553863,0.356240732,0.098923566,0.162775518,10.7137427,1.471824829,3.121737065,1.467499678,8.150693019,80.96986856,15741.95568,140.5607571,1396.997072,17.63560209,50.91763507,4.975249791,14.39863824,2.903608847,0.806295615,1.326733278,0.13231765,0.018177439,0.038554306,0.018124022,0.100663286,0.012350273,194.4174539,1.735963755,17.25329554,0.217804504,0.628846705,0.061445694,0.177827116,0.035860363,0.009957971,0.016385519,0.000680585,9.35E-05,0.000198307,9.32E-05,0.000517769,6.35E-05,0.005143571,0.008929053,0.088743553,0.001120293,0.003234518,0.00031605,0.000914666,0.00018445,5.12E-05,8.43E-05,0.076221436,0.010471094,0.022209165,0.010440323,0.057986974,0.007114361,0.576048893,111.9939591,9.9387418,0.125466044,0.362246449,0.035395724,0.102437114,0.020657322,0.005736278,0.00943886,0.007669123,0.001053563,0.002234605,0.001050467,0.005834438,0.000715821,0.057959942,11.26842425,0.100616358,0.012623936,0.036447918,0.003561389,0.010306849,0.002078465,0.000577163,0.000949704,0.607506489,0.083457589,0.177013353,0.083212338,0.462172654,0.056703479,4.591273274,892.62366,7.970283995,79.2145947,2.887207072,0.282113974,0.816452887,0.164644725,0.045719767,0.075230393,0.210413203,0.028905994,0.061309546,0.028821049,0.160076033,0.019639561,1.590212673,309.1650989,2.760551563,27.43640921,0.346355483,0.097711722,0.282782934,0.057025603,0.015835292,0.026056459,2.153408,0.295829333,0.627453333,0.29496,1.638248,0.200994933,16.27453333,3164.053333,28.252,280.7893333,3.544666667,10.23418667,2.894053333,0.583610667,0.162061333,0.266666667,0.744080275,0.102219724,0.216807799,0.101919338,0.56607388,0.069451012,5.623439329,1093.294756,9.762086854,97.02286067,1.224810416,3.536281294,0.345536134,0.201658573,0.055998047,0.092142969,3.689802334,0.506895008,1.075123142,0.50540543,2.807090572,0.344399006,27.88594223,5421.513886,48.40898499,481.1244026,6.073683826,17.53598289,1.713471081,4.958876694,0.277687408,0.456925622,13.28761127,1.825415892,3.871702894,1.820051668,10.10881477,1.240239909,100.4220624,19523.80169,174.3290606,1732.611522,21.87237754,63.1500831,6.170503349,17.85776578,3.601171573,1.64546756,8.07528,1.10936,2.35295,1.1061,6.14343,0.753731,61.0295,11865.2,105.945,1052.96,13.2925,38.3782,3.75,10.8527,2.18854,0.60773
2015,0.14416361,0.360319673,0.138532836,0.674467871,0.097654115,6.947967062,1450.138035,13.10966199,122.510205,1.716449028,6.599853355,0.406143489,1.381851776,0.294590494,0.070890451,0.10830493,6.936563268,2.499380207,0.960941785,4.678489058,0.677383949,48.19501311,10058.97422,90.93599982,849.7997881,11.90625728,45.78030036,2.817240006,9.585302271,2.043445597,0.491736096,0.751264002,2.775313355,0.400099191,0.384472031,1.871859689,0.27102077,19.28278578,4024.587454,36.38342,340.0042081,4.76368391,18.31666116,1.127175449,3.835071688,0.817580931,0.196743214,0.30058012,7.218505199,1.040645767,2.600969432,4.868649832,0.704916738,50.15393636,10467.82894,94.63216324,884.340552,12.39019623,47.64107576,2.931748886,9.97490423,2.12650301,0.511723087,0.781799703,1.482650313,0.213744221,0.534228076,0.205395753,0.144786905,10.30140554,2150.047611,19.43704446,181.6397939,2.544893689,9.785274645,0.602168771,2.048802969,0.436774688,0.105105749,0.160578339,10.24022385,1.476267636,3.689754109,1.418607256,6.906701979,71.14873805,14849.73809,134.2458734,1254.531924,17.57682228,67.58397576,4.159000243,14.15047152,3.0166726,0.725934084,1.109066731,0.143926992,0.020749035,0.051859727,0.019938614,0.097074132,0.014055063,208.7140054,1.886834217,17.6325253,0.247043346,0.949897041,0.058455011,0.19888577,0.042399524,0.010203049,0.015588003,0.00068959,9.94E-05,0.000248473,9.55E-05,0.000465106,6.73E-05,0.004791245,0.009040286,0.084481754,0.001183645,0.00455119,0.000280072,0.000952911,0.000203147,4.89E-05,7.47E-05,0.076279617,0.010996745,0.027485047,0.010567232,0.051448151,0.007449019,0.529988269,110.6159744,9.345031559,0.130930075,0.503434288,0.03098047,0.105407125,0.02247125,0.005407496,0.008261459,0.008162585,0.001176748,0.00294114,0.001130786,0.005505402,0.00079711,0.056713374,11.83687542,0.107008734,0.014010662,0.053871866,0.003315181,0.011279483,0.00240462,0.000578649,0.000884048,0.582598134,0.08398945,0.209921569,0.080708972,0.392943723,0.056893105,4.047872643,844.8477124,7.637664608,71.37421679,3.845062246,0.236618439,0.805064266,0.171627872,0.041300644,0.06309825,0.151518518,0.021843457,0.054595103,0.02099029,0.102194372,0.014796407,1.052745673,219.722766,1.986356558,18.56256472,0.260073813,0.06153826,0.209376133,0.044635915,0.010741216,0.016410203,2.462184,0.354957333,0.887173333,0.341093333,1.660664,0.2404424,17.10717333,3570.506667,32.2784,301.6426667,4.226213333,16.25005333,3.402373333,0.725336,0.174545333,0.266666667,0.723666617,0.104326392,0.260751319,0.100251589,0.488089882,0.070669023,5.028011819,1049.416486,9.487024743,88.65654563,1.242136861,4.77609355,0.293912485,0.213185306,0.051301053,0.078376663,3.394542667,0.489369524,1.223120503,0.470255624,2.289509965,0.331491061,23.58517064,4922.555432,44.50130698,415.8661181,5.826559461,22.40348381,1.378671402,4.690754813,0.240640659,0.367645707,14.1062723,2.033611135,5.082767419,1.954181913,9.51422744,1.37753554,98.00991528,20456.04198,184.9284618,1728.162311,24.21269737,93.09932854,5.729170645,19.49277743,4.155573719,1.527778839,9.23319,1.33109,3.3269,1.2791,6.22749,0.901659,64.1519,13389.4,121.044,1131.16,15.8483,60.9377,3.75,12.7589,2.72001,0.654545
2016,0.091150005,0.236411622,0.0898077,0.450222927,0.061256454,4.553082354,901.7563117,7.371698446,78.61866623,1.264659647,4.543636758,0.254096028,0.996706916,0.20464081,0.050184575,0.067758941,10.97092647,2.593654522,0.985273675,4.939362627,0.672040053,49.95153173,9893.102192,80.87436162,862.5196066,13.874488,49.84790479,2.78766884,10.93479828,2.245099278,0.550571286,0.743378357,4.22991049,0.385556361,0.379878533,1.904402682,0.259109318,19.25913081,3814.348483,31.18162459,332.549921,5.349397107,19.21917679,1.074803454,4.215981038,0.865612308,0.212276262,0.286614255,11.13490267,1.014946431,2.632420401,5.013188471,0.682084654,50.69812887,10040.96876,82.08314471,875.4111966,14.08186208,50.59295307,2.829334541,11.0982345,2.2786555,0.558800362,0.754489211,2.221121894,0.202455271,0.52509903,0.199473849,0.136058051,10.1129509,2002.910687,16.37344081,174.6216408,2.80896323,10.09197108,0.564378251,2.213807552,0.454532183,0.111466059,0.150500867,16.32481043,1.488006548,3.859374914,1.46609368,7.349803935,74.32820632,14721.00085,120.3415797,1283.434823,20.645329,74.17400875,4.148069489,16.27105145,3.340722428,0.819253679,1.106151864,0.219631433,0.020019406,0.051923423,0.019724594,0.098883106,0.013453843,198.0540306,1.61905669,17.26713029,0.27775901,0.99792545,0.055807475,0.218908168,0.044945554,0.01102211,0.014881993,0.001108947,0.000101081,0.000262168,0.000099592,0.000499273,6.79E-05,0.005049127,0.008174823,0.087183938,0.001402441,0.005038653,0.000281779,0.001105295,0.000226936,0.000055652,7.51E-05,0.135653948,0.012364858,0.03207017,0.012182769,0.061074518,0.00830968,0.617643598,122.3268041,10.66493249,0.171556074,0.616362266,0.034469129,0.135207228,0.027760334,0.006807736,0.009191768,0.012719626,0.001159394,0.003007067,0.00114232,0.005726667,0.000779159,0.057913503,11.47000267,0.093765244,0.016085997,0.057793358,0.003232006,0.012677739,0.002602955,0.000638329,0.000861868,0.790726582,0.072074732,0.186936954,0.071013336,0.356003236,0.048437107,3.600243248,713.0426862,5.828997916,62.16586924,3.592774364,0.200920484,0.788122653,0.161814928,0.039682278,0.053578796,0.220088016,0.020061024,0.052031365,0.019765599,0.099088671,0.013481811,1.002078863,198.4657577,1.622422486,17.30302628,0.278336433,0.055923491,0.219363248,0.04503899,0.011045024,0.014912931,3.93552,0.358722667,0.930402667,0.35344,1.771861333,0.241076,17.91874667,3548.88,29.01146667,309.4053333,4.977093333,17.88157333,3.92256,0.805368,0.1975024,0.266666667,1.003303965,0.091451161,0.237192718,0.090104422,0.451710448,0.061458843,4.568125578,904.7356828,7.396054278,78.87841954,1.268838038,4.558648774,0.254935552,0.205316936,0.050350383,0.067982814,4.886610841,0.445414601,1.155251595,0.438855281,2.200064236,0.299336452,22.24914159,4406.532169,36.02262154,384.1788267,6.179899541,22.20298464,1.241668405,4.870518819,0.24523249,0.331111575,19.9264414,1.816295228,4.710842332,1.789547874,8.97134077,1.220623142,90.72672872,17968.7943,146.8917171,1566.590246,25.20016634,90.5385116,5.063229611,19.86082194,4.077763106,1.350194563,14.7582,1.34521,3.48901,1.3254,6.64448,0.904035,67.1953,13308.3,108.793,1160.27,18.6641,67.0559,3.75,14.7096,3.02013,0.740634