population,population.1,population.2,population.3,population.4,population.5,population.6,population.7,population.8,population.9,population.10,population.11,population.12,population.13,population.14,population.15,population.16,population.17,population.18,population.19,population.20,employment,employment.1,employment.2,employment.3,employment.4,employment.5,employment.6,employment.7,employment.8,employment.9,employment.10,employment.11,employment.12,employment.13,employment.14,employment.15,employment.16,employment.17,employment.18,employment.19,import,import.1,import.2,import.3,import.4,import.5,import.6,import.7,import.8,import.9,import.10,import.11,import.12,import.13,import.14,import.15,import.16,import.17,import.18,import.19,export,export.1,export.2,export.3,export.4,export.5,export.6,export.7,export.8,export.9,export.10,export.11,export.12,export.13,export.14,export.15,export.16,export.17,export.18,export.19,foreign trade,foreign trade.1,foreign trade.2,foreign trade.3,foreign trade.4,foreign trade.5,foreign trade.6,foreign trade.7,foreign trade.8,foreign trade.9,foreign trade.10,foreign trade.11,foreign trade.12,foreign trade.13,foreign trade.14,foreign trade.15,foreign trade.16,foreign trade.17,foreign trade.18,foreign trade.19,GDP,GDP.1,GDP.2,GDP.3,GDP.4,GDP.5,GDP.6,GDP.7,GDP.8,GDP.9,GDP.10,GDP.11,GDP.12,GDP.13,GDP.14,GDP.15,GDP.16,GDP.17,GDP.18,GDP.19,Inflation GDP deflator ,Inflation GDP deflator .1,Inflation GDP deflator .2,Inflation GDP deflator .3,Inflation GDP deflator .4,Inflation GDP deflator .5,Inflation GDP deflator .6,Inflation GDP deflator .7,Inflation GDP deflator .8,Inflation GDP deflator .9,Inflation GDP deflator .10,Inflation GDP deflator .11,Inflation GDP deflator .12,Inflation GDP deflator .13,Inflation GDP deflator .14,Inflation GDP deflator .15,Inflation GDP deflator .16,Inflation GDP deflator .17,Inflation GDP deflator .18,Inflation GDP deflator .19,Inflation consumer prices,Inflation consumer prices.1,Inflation consumer prices.2,Inflation consumer prices.3,Inflation consumer prices.4,Inflation consumer prices.5,Inflation consumer prices.6,Inflation consumer prices.7,Inflation consumer prices.8,Inflation consumer prices.9,Inflation consumer prices.10,Inflation consumer prices.11,Inflation consumer prices.12,Inflation consumer prices.13,Inflation consumer prices.14,Inflation consumer prices.15,Inflation consumer prices.16,Inflation consumer prices.17,Inflation consumer prices.18,Inflation consumer prices.19,interest rate,interest rate.1,interest rate.2,interest rate.3,interest rate.4,interest rate.5,interest rate.6,interest rate.7,interest rate.8,interest rate.9,interest rate.10,interest rate.11,interest rate.12,interest rate.13,interest rate.14,interest rate.15,interest rate.16,interest rate.17,interest rate.18,interest rate.19
Country Name,ARG-population,Australia,Brazil,Canada,China,Germany,European Union,France,United Kingdom,Indonesia,India,Italy,Japan,"Korea, Rep.",Mexico,Russian Federation,Saudi Arabia,Turkey,United States,South Africa,Argentina,Australia,Brazil,Canada,China,Germany,European Union,France,United Kingdom,Indonesia,India,Italy,Japan,"Korea, Rep.",Mexico,Russian Federation,Saudi Arabia,Turkey,United States,South Africa,Argentina,Australia,Brazil,Canada,China,Germany,European Union,France,United Kingdom,Indonesia,India,Italy,Japan,"Korea, Rep.",Mexico,Russian Federation,Saudi Arabia,Turkey,United States,South Africa,Argentina,Australia,Brazil,Canada,China,Germany,European Union,France,United Kingdom,Indonesia,India,Italy,Japan,"Korea, Rep.",Mexico,Russian Federation,Saudi Arabia,Turkey,United States,South Africa,Argentina,Australia,Brazil,Canada,China,Germany,European Union,France,United Kingdom,Indonesia,India,Italy,Japan,"Korea, Rep.",Mexico,Russian Federation,Saudi Arabia,Turkey,United States,South Africa,Argentina,Australia,Brazil,Canada,China,Germany,European Union,France,United Kingdom,Indonesia,India,Italy,Japan,"Korea, Rep.",Mexico,Russian Federation,Saudi Arabia,Turkey,United States,South Africa,Argentina,Australia,Brazil,Canada,China,Germany,European Union,France,United Kingdom,Indonesia,India,Italy,Japan,"Korea, Rep.",Mexico,Russian Federation,Saudi Arabia,Turkey,United States,South Africa,Argentina,Australia,Brazil,Canada,China,Germany,European Union,France,Indonesia,India,Italy,Japan,"Korea, Rep.",Russian Federation,Saudi Arabia,United States,South Africa,Mexico,United Kingdom,Turkey,ARG-population,Australia,Brazil,Canada,China,Germany,European Union,France,United Kingdom,Indonesia,India,Italy,Japan,"Korea, Rep.",Mexico,Russian Federation,Saudi Arabia,Turkey,United States,South Africa
1991,33193918,17284000,151976577,28171682,1150780000,80013896,478976406,58559312,57424897,184615979,888054875,56758521,123921000,43295704,87071512,148624000,16867829,54840531,252981000,37692367,94.19999980926514,90.42099952697754,89.7889995574951,89.6999998092651,95.1100001335144,94.68300008773804,91.17751712946709,90.86600017547607,91.44799995422363,97.41000008583069,96.00399994850159,89.8970003128052,97.90000009536743,97.59299993515015,96.95199990272522,87.8879995346069,93.03499984741211,91.78999996185303,93.19999980926514,76.0669994354248,11531201154,52891452790,52310000000,151757000000,43941659170,451406000000,1968780000000,274227000000,254445000000,31469555328,22887476748,209833000000,300775000000,85461512238,60602974424,67259259259,48117222964,24956952381,623547000000,21011842248,14561091033,52249430971,52310000000,148537000000,58573892129,441820000000,1944760000000,270016000000,250225000000,31924916523,22875165148,212266000000,353382000000,78673621054,51459972502,68740740741,50652603471,20765547619,594932000000,26149639662,0.137530541590574,0.322450197860337,0.165909166307268,0.492020535914754,0.267404326378857,0.479745702620583,0.497580307145097,0.426668748769495,0.441609420864675,0.543589321974636,0.171715760586074,0.339824333750213,0.182820432653964,0.503892795125228,0.35637322419451,0.262567036110117,0.746992776437001,0.304760116733895,0.197355120461584,0.380508115525671,189719984268.485,326068597441.331,602860000000,610328183643.188,383372822299.652,1861873895109.02,7865147971074.68,1275563306592.26,1142797178130.51,116621996217.133,266502281094.117,1242109402060.25,3578139437172.02,325734233312.879,314453890803.074,517962962962.963,132223268484.752,150027833333.333,6174043000000,123943432441.241,132.953228163938,3.04206420944699,414.236261671637,3.09421125245188,6.68367144969241,3.08507974561201,3.8880059075501,2.56956340842478,6.43615812541476,8.76703888583594,13.7518189430893,7.58132870903552,2.60573472347502,9.48462200389615,23.250619443425,128.629771683275,-2.2625083466162,59.1641068724936,3.32851307889672,15.6519758268179,171.6716965,3.222679913,432.7846016,5.615234375,3.5435753,,5.485300419,3.216934745,9.416131453,13.87024609,6.3,3.298059965,9.3,,4.861111111,4.234963965,15.33477322,22.66151183,7.532649254,65.96942143,,10.0683177659678,,6.6378981558825,1.8337656772809,9.09677741679892,,7.45552872033948,4.94082584390355,15.4148670582966,3.62471659373951,6.58579703620645,4.79945423108821,0.470730945287924,,,,4.96941270268343,4.02978344283628,
1992,33655151,17495000,154564278,28519597,1164970000,80624598,480438473,58851216,57580402,187766086,906021106,56797087,124229000,43747962,88828310,148689000,17378833,55748875,256514000,38646788,93.30000019073486,89.2709999084473,88.4209995269775,88.8000001907349,95.6100001335144,93.67700004577637,90.58353310969851,89.7950000762939,90.2229995727539,97.20000004768372,96.09899997711182,90.67199993133545,97.79999995231628,97.48699998855591,96.90400004386902,94.81899976730347,93.0460000038147,91.49100017547607,92.5,76.4669990539551,18606904906,53566869184,43538125000,157205000000,61849400129,483783000000,2115780000000,288901000000,270309000000,34649936943,27574767577,230097000000,301666000000,87029142381,73709195127,222111000000,49331375167,27484942029,667793000000,22581697055,15095901878,54226716911,43538125000,155086000000,68851090750,472688000000,2103940000000,297934000000,262046000000,37629266178,25410266170,230710000000,380853000000,86206110293,55406026689,286864000000,53610680908,22805811594,633053000000,27855890603,0.147309805864547,0.330967324519427,0.192533435846422,0.527173345539713,0.306150922759834,0.450500255703937,0.492355278932936,0.4165717501392,0.451278514363925,0.564562334419251,0.186328281168345,0.350208657729636,0.175102469885896,0.494885595573998,0.355093330590342,1.10576893740136,0.750920202289268,0.317373656443849,0.198927438552664,0.374874584011424,228788617201.696,325692532492.502,400599250000,592387689252.916,426915227629.513,2123130870381.97,8570482000033.34,1408724907063.2,1179659529659.53,128026966579.964,284363884080.101,1315806990573.45,3897826229662.86,350051111253.443,363609256195.677,460290556900.726,137087876662.752,158459130434.783,6539299000000,134545231416.55,11.920760221355,1.4956568560863,968.184255494567,1.50146791979486,8.19826463719973,5.28680311481313,4.04859566348399,1.98973424003377,3.36340479582822,7.28885625784123,8.96515236012587,4.36811557977632,1.58817393994654,7.74293125691736,14.4110336700175,1490.41842486079,-0.296625775550424,65.1994382803175,2.27955058114257,14.567695581799,24.8999486,0.985915493,951.6484599,1.505845056,6.340344882,5.077330077,4.669439274,2.365765038,7.52573572,11.78781925,5.079962371,1.707358716,6.306306306,,-0.077006006,3.028819678,13.87470208,15.50854449,4.261548471,70.07279114,,8.95375896737403,,5.88927319907857,0.408264739070872,7.89022299669841,,7.84990680969629,5.99833040499392,15.6069117143453,9.13274940749079,11.6470447122319,4.49124724178092,2.09486480157159,,,,3.88358773865833,3.78652789471264,
1993,34110917,17667000,157132682,28833410,1178440000,81156363,482099284,59106766,57718614,190879523,924057817,56831821,124536000,44194628,90600453,148520000,17859750,56653729,259919000,39619539,89.8999996185303,89.1260004043579,89.0129995346069,88.6000003814697,95.67000007629395,92.32499980926514,89.1677238557225,88.6789999008179,89.6520004272461,95.76399993896484,95.94000005722046,89.76000022888181,97.5,97.12199997901917,96.78600001335144,94.11700010299683,94.01399993896484,91.03800010681152,93.09999990463257,74.0930004119873,22049649550,55920460933,45983167702,168030000000,86072328750,419708000000,1872260000000,252204000000,259162000000,37555937063,27354991286,184825000000,310554000000,90604108787,69669686417,132674000000,44483311081,34850745455,719974000000,23233160939,16357317618,54747048904,45983167702,168142000000,79894597198,421042000000,1952030000000,274135000000,255402000000,42274397859,27384893529,217201000000,404619000000,93227353707,61187516048,166222000000,45678237650,24636054545,654800000000,29313278453,0.162231515327005,0.354280212970356,0.195993162912023,0.582448076303235,0.373185052954792,0.406443038517628,0.489364334955957,0.395715351566173,0.484802588543152,0.505233858878486,0.198642133113589,0.378753409816732,0.160116990926471,0.475873961577712,0.259656455008694,0.686985034108798,0.678070028669846,0.330170877754619,0.199859043502001,0.391233218803234,236741715015.015,312372821810.006,437798577639.752,577170761956.438,444730903968.185,2068555542410.98,7814819013689.57,1330094973361.13,1061388722255.55,158006700301.533,275570363431.902,1061445229481.97,4466565327401.26,386302839273.923,503962832199.255,435083713850.837,132967901424.382,180169736363.636,6878718000000,134309759157.817,-1.46665994200747,0.877815232534317,2001.3477263849,1.302939150722,15.2022376705388,4.135528001968,4.53724124501171,1.63981594187865,2.7158236807844,19.1525782553043,9.86178285283439,3.88595182873064,0.43740385093669,6.19787213947687,34.0815060650136,887.840736221445,-1.66430889342564,68.379428375262,2.37926148248593,12.9815632898765,10.6114941,1.813110181,1927.983498,1.84136899,14.583266,4.434976276,4.608314712,2.106010412,9.687785514,6.362038664,4.476275739,1.267416485,4.745762712,874.6218469,1.055795314,2.951656966,9.717446554,9.751530555,2.50650026,66.09708259,,8.46454833944349,,4.57495200843339,-3.66506567573254,8.36839469222004,,7.13895172301761,3.21061500981359,1.20357312645778,5.81477651397936,10.3400713142736,4.40776043517977,2.24624198752634,-12.1951986854064,,,3.53659370568274,2.81175968091906,
1994,34558115,17855000,159705123,29111906,1191835000,81438348,483262847,59327194,57865745,193945272,942204249,56843400,124961000,44641540,92349147,148336000,18311090,57564132,263126000,40558495,87.8999996185303,90.2810001373291,89.3959999084473,89.6000003814697,95.65999984741211,91.27200031280518,88.6029695529885,87.4069995880127,90.35000038146973,92.02799987792969,96.29999995231628,88.9069995880127,97.09999990463257,97.5239999294281,95.75299978256226,91.86900043487549,93.93300008773804,91.42300033569336,93.90000009536743,80,27299750000,59734347976,53941811356,182802000000,97250445198,461884000000,2089230000000,280513000000,288446000000,44869883142,33271248862,204219000000,348440000000,112196000000,84163224793,91639498027,35240587450,26639520270,813425000000,26964909316,19385000000,58015219647,53941811356,189509000000,108829000000,466231000000,2189420000000,300818000000,288205000000,46896633114,32265046188,240365000000,441813000000,110482000000,70326131078,109667000000,45960747664,27918206081,720939000000,30010701814,0.181342254505904,0.364305130453214,0.193329054571218,0.643981499340727,0.365178496906297,0.420729510350818,0.515597583024299,0.414751660267459,0.505616996602236,0.518771010495148,0.202955358697265,0.405793828104539,0.16104476407935,0.488754504387601,0.292971480419016,0.509536987801783,0.600713173990782,0.417458523406724,0.209935071020987,0.407689532941994,257440000000,323216879972.328,558111997497.263,578139279437.61,564325246266.838,2205966011811.5,8298433649328.58,1401636342155.01,1140489745944.29,176892143931.505,322909902308.892,1095590837536.02,4907039384469.68,455602962225.403,527318753518.414,395077301248.464,135174886501.234,130690172297.297,7308755000000,139752450152.078,2.84933971509302,1.00064477174374,2302.84077820419,1.47034019828693,20.6008352277361,2.16417680014938,3.54247356731064,0.936453456758741,1.35549487307603,7.77657280267769,9.98004477505997,3.54247356731064,0.115040531437998,8.10191807124509,8.23295710818843,307.298056894299,1.09494995707095,104.749137204577,2.1281328736259,9.52481716098785,4.177347244,1.894977169,2075.887182,0.185279836,24.23708802,2.744552619,4.708528467,1.660872924,8.518497243,10.21150033,4.027420737,0.687940323,6.256742179,307.6344092,0.564325479,2.607441592,8.938547486,6.965778139,1.97849026,106.2627286,7.01008579301131,8.00673624067663,,5.32634441862678,-7.97742006476876,9.11440470116949,,6.89068515062058,4.05235894255237,9.26307725112063,4.33710973176628,8.15255756907828,4.01375868590576,0.368246869118962,10.2252060624649,,,4.90579854809163,5.53163778711466,
1995,34994814,18072000,162296612,29354000,1204855000,81678051,484271345,59541900,58019030,196957849,960482795,56844303,125439000,45092991,94045579,148375726,18735841,58486381,266278000,41426810,94.19999980926514,91.5310001373291,90.0920000076294,90.5,95.44999980926514,91.8420000076294,89.200383940512,87.960000038147,91.30599975585938,96.38100004196167,96.02600002288818,88.331000328064,96.79999995231628,97.93700003623962,93.11499977111816,90.55099964141846,94.09499979019165,92.35599994659424,94.40000009536743,83.1000003814697,26038000000,73036828037,57921978860,199284000000,119901000000,558190000000,2542110000000,335922000000,332282000000,55882279824,43216689533,246749000000,420001000000,149330000000,71983639437,102420000000,39711615487,41271567686,902571000000,33385624879,24978750000,65793733294,57921978860,218086000000,135421000000,570323000000,2682360000000,360711000000,335938000000,53185312942,38952670261,289764000000,488884000000,144224000000,86544700439,115849000000,53521228304,33713478166,812813000000,34412064735,0.19771500987766,0.376855789580955,0.166326622606378,0.690973756684476,0.347590626231865,0.435446934561425,0.543621014682871,0.432720268954184,0.50612925179825,0.539585900636277,0.23115305520325,0.458249738316531,0.166794935018945,0.527850521871898,0.461115949753943,0.551837816170808,0.650417670535741,0.442426347508953,0.223821838555543,0.436109386913542,258031750000,368391743391.743,785643456467.255,604031623433.401,734548001963.907,2591620035485.19,9610497311406.19,1609892232882.11,1320255641470.73,202132028723.115,355475984177.451,1170787357066.44,5449116304981.1,556130926912.754,343792792161.261,395531066563.296,143343036351.096,169485941048.035,7664060000000,155460285076.232,3.16512339016519,2.21859591713496,93.5218791451811,2.26057565594789,13.6704390822895,1.97552540329011,4.19643611682739,1.14655423206375,9.52678947692522,9.88204513093129,9.06270222096741,4.92524447583635,-0.533482453417065,6.9409495179178,31.5800338540544,144.003092247819,5.81822209089025,86.0075424413074,2.08567664495882,10.1967617453465,3.37611685,4.638135783,66.00787631,2.168229067,16.89706397,1.723671149,4.27489692,1.778115502,9.432054587,10.22488756,5.244371225,-0.123477116,4.479695431,197.4713847,4.868431031,2.805419689,8.680425266,34.999275,2.656452094,88.10770257,14.2311110519169,8.10166096350853,,6.24410496071176,-1.41676155673478,8.79489586144091,,6.89110221057176,-2.58668631706957,8.16295467111805,5.86417811233759,7.9206444223035,4.06098040464589,1.92540882736151,21.1670661549644,,,6.60571614288345,6.98665865134819,
1996,35419682,18311000,164913306,29671900,1217550000,81914831,485000714,59753098,58166950,199914831,978893217,56860281,125757000,45524681,95687452,148160042,19131578,59423208,269394000,42210216,82.7999992370605,91.49400043487549,88.8039999008179,90.39999961853027,95.40999984741211,91.17500019073486,89.2017240251864,87.1549997329712,91.80799961090088,95.59999990463257,96.04900002479553,88.1260004043579,96.59999990463257,97.95199990272522,94.75099992752075,90.33500003814697,93.62099981307983,93.37099981307983,94.59999990463257,79,30148250000,77569802731,57235100985,208617000000,137262000000,553013000000,2620360000000,340833000000,360200000000,60116979038,45250757676,251575000000,437230000000,168781000000,95359265205,85589979710,42253404539,50498579853,963966000000,33340311213,28381250000,75814112291,57235100985,233248000000,161068000000,573555000000,2776940000000,368410000000,362579000000,58717201042,40681677283,311040000000,458191000000,151228000000,106221000000,102134000000,63501201602,39094658477,867590000000,35544390947,0.21506358172293,0.381723495932757,0.156355621382748,0.702995050891282,0.345390745764033,0.449967512770463,0.549362029530761,0.439365038881608,0.518872593795496,0.522647436574079,0.221671871487999,0.429828408269741,0.185244983474161,0.535043463472647,0.507242488647579,0.479230018130081,0.666538555912658,0.493693148867926,0.226112413753683,0.466673284888677,272149750000,401819423368.74,850425828275.793,628546387972.131,863746361646.34,2503665193657.4,9824668960664.23,1614245416078.98,1392979719188.77,227369679374.973,387656017798.596,1308929305684.53,4833712542207.1,598099073901.423,397404140458.457,391719993756.828,158662398750.805,181475555282.555,8100201000000,147607982694.857,-0.0523754965904146,2.68661317097869,15.994278738891,1.74455130751343,6.50103702686845,0.622076784335363,3.92612822181806,1.36721613891959,4.07125192944167,8.6765097553662,7.575018288111,4.55387026648518,-0.496420147952549,4.25540779471969,29.2492467526002,45.8018959043096,7.84292827542465,77.2235122131085,1.82555343109418,7.89871805782087,0.155695901,2.6124197,15.7574361,1.570531125,8.324015061,1.446061036,3.339602074,2.004778228,7.968480169,8.977149075,3.974524284,0.131871755,4.923429226,47.74166667,1.222069564,2.9312042,7.354125906,34.37765819,2.481100989,80.34690278,10.5687442622144,6.85829756987092,,4.24391147928499,3.36049589097301,9.33733780490535,,5.32662406388605,1.81345123547779,9.69941919220801,7.79299430167869,7.90450228746559,3.16973870284425,4.39746225376379,5.52156918515235,,,6.32972734746853,10.7713191451305,
1997,35833969,18517000,167545164,29987200,1230075000,82034771,485892088,59964845,58316954,202826465,997405318,56890372,126057000,45953580,97281739,147915307,19505576,60372499,272657000,42921506,85.1000003814697,91.63799953460693,88.4160003662109,90.89999961853027,95.40000009536743,90.13700008392334,89.5472374364494,86.9440002441406,92.92799997329712,95.30000019073486,95.61399984359741,88.0010004043579,96.59999990463257,97.39199995994568,95.94500017166138,88.1870002746582,93.50600004196167,93.15899991989136,95.09999990463257,77.1000003814697,37413750000,81973704805,61679962894,236596000000,144624000000,537124000000,2614800000000,326303000000,386405000000,60700151259,49490977677,253776000000,419041000000,165333000000,115762000000,91218668971,43199465955,57688103357,1055780000000,34878038194,30928250000,83327594303,61679962894,249008000000,178262000000,563369000000,2783670000000,368722000000,392687000000,60106038404,44327025623,299854000000,465704000000,161548000000,121248000000,100138000000,64989052069,46664617512,953806000000,36601345486,0.233361446976189,0.379046238107052,0.165761814284137,0.743849773979922,0.335778757172426,0.496010397999074,0.58214762589783,0.475813409461439,0.506861436111006,0.559938588088561,0.228645775489225,0.446817789177029,0.200407370356225,0.58633039850694,0.493200935349705,0.472571325505757,0.651881170213237,0.549703235724062,0.233441656313545,0.468452618835044,292859000000,436097980904.68,883199443413.729,652825364726.275,961603416246.472,2218689375140.99,9273364401458.35,1460709148123.17,1537090700720.37,215748998609.635,410320300470.283,1239050936221.01,4414732843544.43,557503074772.151,480554644187.662,404926534140.017,165963557420.458,189834649111.257,8608515000000,152586154513.889,-0.46391313116429,1.22460557819575,7.72888751927275,1.14132265041673,1.62214556375643,0.262417487917716,4.00561698799213,0.881974078167744,1.9582951127679,12.5713762956895,6.47627126326755,2.60197888973852,0.50336630512507,4.06413522494387,17.7988047883517,15.0591588276521,3.4597244990332,81.4548625762436,1.71150364527261,7.93802439772395,0.527258257,0.250417362,6.925316945,1.621216381,2.806843185,1.880192392,2.65393466,1.221995927,6.229896168,7.16425362,2.04310552,1.761461849,4.446869458,14.76676632,0.057151022,2.337689937,8.597770154,20.62648433,1.777945905,85.7332416,9.75165232681387,5.87017460283478,65.4090536314639,3.77393787513503,6.90583179218613,8.84354217752376,,5.41196049977027,4.51665544440377,8.21356548046801,6.90957899143093,7.70697069312143,1.93572324960926,7.50741975113266,3.68526252829821,,,6.61691429208053,11.1749086288913,
1998,36241590,18711000,170170640,30247900,1241935000,82047195,486565874,60186291,58487141,205715544,1015974042,56906744,126400000,46286503,98821456,147670692,19882458,61329590,275854000,43584030,87.1999998092651,92.32399988174438,85.2589998245239,91.69999980926514,95.26999998092651,90.21199989318848,90.02802973934594,87.38500022888181,93.79699993133545,94.5,95.88100004196167,87.8809995651245,95.90000009536743,93.03700017929077,96.42700004577637,86.7390003204346,93.05399990081787,93.11199998855591,95.5,75,38667250000,81368785186,60724687635,240810000000,144914000000,563711000000,2772560000000,350646000000,401898000000,41249712042,53306090616,267030000000,351132000000,110770000000,130659000000,66522411128,38830933333,54343007288,1115690000000,32916448094,31137000000,78237807773,60724687635,253008000000,193068000000,593409000000,2900520000000,389712000000,388872000000,50555726235,46288411826,305468000000,424401000000,151153000000,129262000000,84595569294,43493066667,56721035673,952981000000,34450554420,0.233499443465549,0.399237182596792,0.164386527275298,0.781588510554308,0.32844302530063,0.515828653820426,0.59157152398209,0.490057217083609,0.487058073585037,0.961861923611466,0.2395648450228,0.452099684050844,0.192320179240462,0.699877228354047,0.51776034385745,0.557727411011373,0.560883806015466,0.402743475401273,0.227597399453943,0.488966176417955,298948250000,399778878111.646,863723395088.324,631813279406.808,1029043011921.59,2243225519617.65,9589846268503.63,1510758283299.98,1623564094070.88,95445547872.715,415730874171.13,1266309223820.68,4032509760872.94,374241351752.483,502010250656.743,270953116950.026,146775498092.612,275768695818.949,9089168000000,137774361015.14,-1.70527962400088,1.2724476225854,4.92411110332304,-0.180438535223828,-0.892542293733825,0.608122458365628,3.35661375831416,0.95215773274704,1.18662968689887,75.2711687734718,8.01016752344988,2.52980962750047,-0.0447692607713321,4.61694348715238,15.1141344540198,18.538687016627,-13.9337435660489,143.692541672974,1.08525619947299,7.76837496519893,0.920336467,0.853455454,3.198591891,0.995942457,-0.844626159,0.935622318,2.40606469,0.595238095,58.38708718,13.2308409,1.962939698,0.663269433,7.512080449,27.6748415,-0.356989861,1.552279099,6.880552813,15.92799503,1.588923992,84.6413357,12.5543666809332,5.34290010537991,77.6172620131265,6.79686937342899,7.34812743892368,8.35606244924545,,5.54504469540142,5.97452482784281,-24.6001680758639,5.12127632985653,5.96245982318996,2.36674550190355,10.1916791144101,9.76786989073418,,,7.19087109286228,13.0124368173838,
1999,36648068,18926000,172759243,30499200,1252735000,82100243,487539363,60496715,58682466,208612556,1034539214,56916317,126631000,46616677,100300579,147214392,20294406,62287326,279040000,44233730,85.8999996185303,93.12799978256226,85.3269996643066,92.40000009536743,95.30000019073486,91.14500045776367,90.2833898019563,87.4860000610352,93.95699977874756,93.69999980926514,95.78499984741211,88.3100004196167,95.30000019073486,93.6579999923706,97.51200008392334,86.96399974823,95.65000009536743,92.31300020217896,95.80000019073486,74.6000003814697,32762500000,80249404687,57330688268,259053000000,168058000000,579209000000,2843240000000,352762000000,419049000000,38402067922,61170611046,268125000000,383087000000,135248000000,149426000000,51275385865,37485333333,48167046323,1248610000000,30286766511,27862250000,71357312946,57330688268,283124000000,204359000000,594896000000,2922630000000,385869000000,393179000000,49720260590,52388145271,290297000000,454007000000,162869000000,147656000000,84670999188,56061600000,47537824737,991980000000,33741550045,0.213826567862219,0.389587761672691,0.209821358797937,0.801938929032232,0.340418492376696,0.533694429216226,0.602067309249833,0.492330096672322,0.491613463310501,0.629439128600836,0.250847706475897,0.447251707269867,0.183489595993317,0.614359789437117,0.512687955513583,0.693937634766309,0.57846086973809,0.374016189805741,0.231930152752037,0.468618860907216,283523000000,389146509587.668,599388879704.634,676082654640.91,1093997559885.48,2199957383336.88,9576780993379.78,1500275942893.67,1652167933991.26,140001351215.462,452699998386.914,1248563148945.24,4562078822335.45,485248229336.653,579459682649.262,195905767668.562,161716960000,255884300382.044,9660624000000,136631966609.379,-1.83655839220663,0.338692334520175,8.00934319323734,1.90389387925565,-1.26837502452301,0.317977708209668,2.61000949158069,0.219786388643001,0.860258621408633,14.1611959857791,3.06839552036824,1.62067326668809,-1.30947061051494,-1.18452201213412,17.65210013715,72.386777713963,14.488329006483,54.2904733094213,1.53032188503542,7.07195485223335,-1.16689547,1.465428277,4.857966241,1.734842951,-1.40789153,0.569776342,2.168078339,0.533377781,20.48911753,4.669821024,1.655629139,-0.329449578,0.81144773,85.74178151,-1.347894384,2.188027197,5.181490718,16.58560509,1.335406567,64.8674792,13.1174683581839,6.2069518619826,67.0627077238177,4.44890371521637,7.20982261386974,8.46427445253625,4.57295746,6.12508484191497,4.44590344424606,11.826526428387,9.19124732510886,4.64949855322475,3.51634950720814,10.7071843003853,5.17661805930389,,,6.36641809227236,10.2062628471182,
2000,37057452,19153000,175287587,30769700,1262645000,82211508,488178830,60912498,58892514,211540429,1053050912,56942108,126843000,47008111,101719673,146596557,20764312,63240121,282162411,44896856,84.9799995422363,93.7170000076294,86.0240001678467,93.19999980926514,95.46999979019165,92.08300018310547,90.66638324834614,89.2569999694824,94.43800020217896,93.90000009536743,95.69000005722046,89.1579999923706,95.30000019073486,95.59999990463257,97.43600010871887,89.418999671936,95.42999982833862,93.50500011444092,96,73.2999992370605,33070250000,89083715380,66775075157,286676000000,224306000000,595915000000,2976660000000,370654000000,439791000000,50264686470,64971207882,283348000000,449416000000,184992000000,183589000000,62417348027,46926133333,61561836212,1472630000000,33107150062,31223750000,80650631162,66775075157,328372000000,257238000000,601162000000,3003480000000,385536000000,409413000000,67621169166,60697346482,292950000000,519274000000,196621000000,179640000000,114429000000,82259466667,53091138836,1096840000000,37034352575,0.226225023420697,0.40855914075845,0.226397785659233,0.828577972024165,0.39752790928609,0.613900143540216,0.671980227924472,0.552593394075148,0.519250750187582,0.714368759176043,0.271923454937036,0.504745295799684,0.198196645177765,0.679470249247227,0.531309999407979,0.680941711837428,0.681664513581457,0.420005974803051,0.249832300723233,0.514377739548243,284203750000,415446209885.072,655421153320.579,742293448252.643,1211346395438.73,1949953934033.54,8899281080301.74,1368438363736.87,1635441065214.1,165021012077.81,462146799337.698,1141760021927.4,4887519660744.86,561633125839.994,683647965226.955,259708496267.33,189514926222.667,272979390595.01,10284779000000,136361854808.496,1.03728710073175,2.55737007371637,5.88542918109684,4.34127358987107,2.06139413070862,-0.449787883882266,3.36784672713966,1.54338759039598,2.02126402154845,20.4474568521459,3.64497016120976,1.96532329950263,-1.38359890864588,1.08683935889586,10.8175392546191,37.6980955693319,10.947984964195,49.3406817216259,2.27551980515122,8.84378647364838,-0.935939412,4.475183076,7.044702451,2.719439957,0.255304778,1.471334348,3.156727168,1.699411423,3.720024005,4.009433962,2.519318302,-0.653015156,2.265333173,20.77634088,-1.125,3.376857271,5.338953284,9.495019139,0.785269429,54.91538241,9.94507167767402,5.03064439858578,48.1129190417429,2.80767106119227,3.71208516360198,10.1253303931939,4.577751178,5.07823555227906,3.86451558205109,-1.65421247091309,8.34261083003628,4.95993952013361,3.49918019429233,7.37797391668849,5.51428421874062,,,6.803009695221,5.19663428625851,
2001,37471509,19413000,177750670,31081900,1271850000,82349925,489155666,61357431,59119673,214506502,1071477855,56974100,127149000,47370164,103067068,145976083,21303592,64191474,284968955,45312937,82.6000003814697,93.25799989700317,87.4630002975464,92.80000019073486,95.46999979019165,92.22700023651123,91.33431221369581,90.89000034332275,95.30399990081787,91.89999961853027,96.22499990463257,90.40499973297119,95,96,97.46199989318848,91.02200031280518,95.38000011444092,91.61900043487549,95.30000019073486,73.7999992370605,27604000000,83150692283,69203724173,267822000000,243974000000,587284000000,2970440000000,366599000000,438499000000,49355195402,65065216524,284494000000,411807000000,166198000000,180335000000,74250942749,44058400000,45699315437,1395400000000,30919203543,31112750000,83817752495,69203724173,309546000000,279112000000,621685000000,3040870000000,384176000000,401127000000,62625875834,60782221950,299085000000,440214000000,174481000000,171350000000,113116000000,72980533333,53222799445,1026710000000,35720031152,0.218524228521558,0.440666419277218,0.269363012595659,0.784062812876752,0.390538883596073,0.619777901002363,0.66787064550173,0.543166716732624,0.520525785601142,0.697932075255921,0.262748446021203,0.50208211531482,0.197981233271001,0.639110164162688,0.485281152598629,0.611106681871765,0.635606286476504,0.493982958807048,0.228031456744152,0.548398533483656,268696750000,378899860470.108,559372502338.237,736379777892.562,1339395440432.04,1950648769574.94,9000712583377.4,1382218344519.02,1613034403339.57,160446947784.909,478965491060.771,1162317840447.43,4303544259842.72,533052076313.527,724703603502.349,306602673980.117,184137469724.863,200254104151.474,10621824000000,121516070204.783,-1.09576771833679,4.71010250428539,8.22508544525651,1.65824274584764,2.04313373905161,1.27699969907418,3.40409029624182,2.00065072527545,0.922836312096848,14.2957154362836,3.21561601735792,2.98611686515279,-1.10443173836995,3.65042964693004,5.37321381031634,16.4895279774929,-1.64667759572397,52.9236568787456,2.27890088702654,7.60466383094045,-1.066635508,4.380841121,6.837830757,2.52512014,0.722902508,1.983856851,3.151729427,1.630257581,11.50209251,3.684807256,2.787816211,-0.740055504,4.066419648,21.45786502,-1.112515803,2.826171119,5.701900634,6.362500348,1.23589468,54.40018404,29.1202848185975,2.03568147810193,45.6378306546997,4.08649327584608,3.7306442104017,8.62206324588854,3.7118,4.87678190222754,4.16113819365557,3.71998595702973,8.59144929628099,4.17690584496903,3.10817608823956,3.91498974025091,7.04333285596063,,,4.53931919425724,5.7303924224703,
2002,37889370,19651400,180151021,31362000,1280400000,82488495,490390251,61805267,59370479,217508059,1089807112,57059007,127445000,47644736,104355608,145306046,21906308,65143054,287625193,45855482.8828724,80.3999996185303,93.63199996948242,86.9569997787476,92.30000019073486,95.59000015258789,91.51799964904785,90.99541489572059,90.83100032806396,94.96299982070923,90.89999961853027,95.68400001525879,90.79199981689453,94.59999990463257,96.70000004768372,97.13599991798401,92.125,94.73000001907349,89.6420001983643,94.19999980926514,73.3999996185303,13065794410,81408539138,72286328432,270575000000,295620000000,586295000000,3111280000000,380722000000,469846000000,51638437161,78314209114,300495000000,397824000000,178606000000,184712000000,84408293461,44830400000,54838097797,1428970000000,32390719346,27736666041,81500104646,72286328432,303441000000,338084000000,677259000000,3249630000000,405688000000,420412000000,63956798805,73234279967,309943000000,453413000000,187742000000,173989000000,121649000000,77641333333,58321175690,1002510000000,36785717682,0.417527512952103,0.412807533000606,0.276183714538526,0.757326322373664,0.430930007377744,0.607730302676426,0.648339035485552,0.524155275899337,0.506527202955353,0.59079461766789,0.298283310689968,0.481984096236691,0.206856123198643,0.601536841497395,0.483711685092321,0.597076385871912,0.645927791588174,0.474613785475163,0.221496415308602,0.599021634386137,97724004251.8602,394635830891.586,507962741819.919,757950678646.53,1470549716080.71,2079136081309.99,9811088515429.67,1500337850555.24,1757571942446.04,195660611165.183,508068952065.901,1266510668642.95,4115116279069.77,609020054512.465,741559509631.317,345110438692.185,189605920240.516,238423907922.754,10977514000000,115482368343.658,30.555204053903,2.86162315318339,9.79829123248237,1.24422758468357,0.604851116240596,1.35055164346171,3.01319652363306,2.07144418539178,2.19742032344344,5.89605169318483,3.7156837766605,3.3542035690389,-1.45839234995431,3.06049293035788,5.62251496336765,15.4929534419308,5.95687428841376,37.5744290764995,1.53512459242262,12.2405528701437,25.86849787,3.00317105,8.450220696,2.258394409,-0.765949287,1.420806713,2.307402707,1.916907283,11.87875643,4.392199745,2.461074837,-0.923494027,2.762511352,15.7920011,0.230120174,1.586031627,9.164037855,5.031089531,1.256192498,44.96412355,16.179803860883,3.40348201739247,48.3401956184684,2.92767876190324,4.67686083877107,8.2357206953365,3.22,4.43665302352637,1.76382111295139,12.3224124961922,7.90717718996681,3.07902790056207,3.3724931994444,3.59854065399715,2.45053658385561,,,3.09240316607806,3.12671938984168,
2003,38309379,19895400,182482149,31676000,1288400000,82534176,492200115,62244884,59647577,220545214,1108027848,57313203,127718000,47892330,105640453,144648257,22556425,66085803,290107933,46418193.8989267,83.96999931335449,94.07100009918213,86.3240003585815,92.40000009536743,95.69999980926514,90.2209997177124,90.92937315744369,91.20600032806396,95.19299983978271,90.5,96.07100009918213,91.13399982452393,94.69999980926514,96.40000009536743,97.03600001335144,91.78999996185303,94.44000005722046,89.4580001831055,94,72.8600006103516,18772867665,98146185207,84757556061,294625000000,412137000000,724850000000,3747320000000,453181000000,528697000000,54323622341,94848356579,359574000000,442069000000,208857000000,187873000000,102760000000,51744266667,72836672663,1543930000000,42967335122,33084461867,88243447874,84757556061,328645000000,461132000000,816656000000,3880890000000,473321000000,479729000000,71553141045,90568215342,366682000000,517443000000,222545000000,177580000000,151698000000,98956800000,69359206476,1040280000000,47117929330,0.40644689745838,0.399246744271148,0.281404417238333,0.698434872012252,0.525974553783237,0.615191486793269,0.638570117244933,0.501320216093678,0.497131813861171,0.53616493747098,0.309237436429735,0.462686694741057,0.215831263814736,0.633929261440744,0.512352557083069,0.591284577975867,0.698311959769526,0.456010414144511,0.224505610881034,0.514018310923681,127586973492.177,466853232382.062,558320116997.075,892380986367.854,1660287543796.06,2505733634311.51,11945762088043.2,1848124153498.87,2028488163265.31,234772463823.808,599592902016.345,1569649631715.58,4445658071221.86,680520724062.403,713284231624.803,430347770731.787,215807655244.424,311825946795.017,11510670000000,175256916996.047,10.4957030215496,3.11524566731154,14.0908037245366,3.25593991812929,2.60543600084904,1.20686598640319,2.54268185570582,1.87351983981566,2.40254728332914,5.48742913790147,3.86779808617044,3.18132147608783,-1.61700234057766,3.39506202261082,5.96574749172743,13.7800614684199,2.31655865722271,23.3200436781714,1.99405626315642,5.79357181310591,13.44284929,2.770735241,14.71532583,2.758563214,1.155909711,1.034223392,2.099846885,2.109073739,6.585719187,3.805865922,2.676470588,-0.256541816,3.514879242,13.67972036,0.586734694,2.270094973,5.858979916,4.548137924,1.362921545,25.29636788,7.8288524592808,3.39159773131115,46.4476784095088,1.38641910867867,2.63588763379806,4.27322853851093,3.2204,4.6395571367478,1.26290255237437,10.8520711478648,7.30788115953477,2.56735277859964,3.49560976563883,2.74829821508733,0.997258579575513,,,2.0868311496034,8.66287182024422,
2004,38728696,20127400,184738458,31995000,1296075000,82516260,494162545,62704897,59987905,223614649,1126135777,57685327,127761000,48082519,106995583,144067054,23228890,67007855,292805298,47001700.9913724,86.4779996871948,94.60500001907349,87.1280002593994,92.80000019073486,95.69999980926514,89.2729997634888,90.74591436960577,90.5979995727539,95.4060001373291,90.10000038146973,96.11100006103516,92.13399982452393,95.30000019073486,96.29999995231628,96.33999991416931,92.23699998855591,94.17999982833862,89.1619997024536,94.5,75.3299999237061,27736672324,120790000000,111000000000,336556000000,556183000000,857267000000,4496030000000,537141000000,625271000000,70744690514,138983000000,422258000000,527274000000,263624000000,215619000000,130993000000,62350400000,102691000000,1800680000000,58633002062,39266996606,104240000000,110744000000,381529000000,621343000000,999378000000,4662000000000,550336000000,562287000000,82744351781,126271000000,432727000000,624623000000,292911000000,202070000000,203415000000,131921000000,92090930901,1181510000000,58303694631,0.406926461092696,0.366898866761228,0.29678314391554,0.701805908000281,0.602208054414168,0.658561046322149,0.663839132651802,0.511967766255933,0.49709334357187,0.597612948368235,0.379102795319839,0.475436792904644,0.239223549435336,0.727610253767808,0.542264802025093,0.565818199786729,0.750830170166849,0.481208799073901,0.242949693880078,0.511548503550399,164657930452.787,613329776639.636,669316239316.239,1023196003074.56,1955347477285.91,2819245095604.67,13795554923350,2124112242364.04,2389004027828.63,256836875295.452,699688852930.276,1798314755525.2,4815148854362.11,764880644710.649,770267585947.191,591016690742.798,258742133333.333,404776328437.599,12274928000000,228593566165.088,18.3633542492033,3.282252141589,7.75204644498777,3.28022260632454,6.95437481247832,1.09372783579602,2.82159462466105,1.64557220094868,2.43492212023612,8.55072703186366,5.72540656027789,2.5237311237984,-1.10077694685454,2.98410371517457,8.31070666267976,20.2820769290707,11.0564281498753,12.4468883734565,2.74972115901684,6.52700860432572,4.415717923,2.343612335,6.599124847,1.857258719,3.884182625,1.665736088,2.255948944,2.134874759,6.243520926,3.76723848,2.21522009,-0.008573388,3.590591391,10.86095476,0.329698199,2.677236693,1.385381833,4.688282872,1.344595759,10.58423624,-9.78915778532334,3.64801094116908,43.7791718221297,0.696916965815465,-1.28501037464619,3.98353645052879,3.628,4.87421900607401,1.89866356724288,5.13441023123413,4.91013491958443,2.9090197071222,2.89927482913292,2.8354501774062,-0.805435913241094,,,1.54772083373543,4.47272304438624,
2005,39145488,20394800,186917361,32312000,1303720000,82469422,496115011,63179356,60401206,226712730,1144118674,57969484,127773000,48184561,108472228,143518523,23905654,67903406,295516599,47606670.2439658,88.4940004348755,94.9670000076294,88.6330003738403,93.19999980926514,95.8600001335144,88.8330001831055,91.05116727145383,91.05399990081787,95.25,88.8000001907349,95.59999990463257,92.26999998092651,95.59999990463257,96.29999995231628,96.44199991226196,92.87599992752075,93.94999980926514,89.3640003204346,94.90000009536743,76.1599998474121,34423282342,144095000000,136000000000,384891000000,648712000000,935130000000,4965030000000,590215000000,686989000000,85533800864,183305000000,458759000000,594571000000,308732000000,242652000000,164341000000,81797389982,122443000000,2030090000000,68804583608,46198180131,125269000000,135918000000,430267000000,788941000000,1079910000000,5075160000000,581084000000,622238000000,97387627235,160360000000,456712000000,666349000000,330601000000,230168000000,268957000000,187389000000,105387000000,1308900000000,68145493414,0.405668918870015,0.388264543666596,0.270867969910401,0.697098761915786,0.628903969535376,0.704212191963006,0.69595043931574,0.531519875472494,0.521998764731339,0.639879358690768,0.424854175222375,0.494138181485073,0.265154809513924,0.711843361750572,0.545763583574335,0.567131279479562,0.819541833453625,0.454367023560708,0.255006863592532,0.531282293534745,198737095012.282,693764095624.718,891629970423.924,1169357979864.66,2285965854313.36,2861410272354.18,14426590936518.2,2203678646934.46,2508103636363.64,285868618224.017,808901077222.839,1852661936077.6,4755410630912.14,898137194716.188,866345821213.261,764017107992.391,328459608764.111,501422832613.554,13093726000000,257772710832.953,10.3175111982406,3.70902376284891,7.43126311949401,3.14704404898249,3.90261295026788,0.620694358469208,2.56846208795538,1.93951394791132,2.66443880507512,14.3317870842712,4.23693169189899,1.88823205009176,-1.03751482772545,1.03157154480107,5.40904696609836,19.3060948357163,20.1496395921978,7.10486311186334,3.21763824985275,5.44904762548026,9.639399546,2.668732782,6.86734958,2.213552034,1.821647757,1.546910755,2.483518232,1.735587081,10.45195661,4.246353323,1.999065857,-0.282946069,2.754090201,12.6833396,0.699359623,3.392746845,3.399299946,3.988060736,2.049668311,10.13840492,-3.76573898962305,3.42237294471174,44.635117210251,1.23088609023178,1.61438389478712,4.51296061625244,2.8226,2.84857095444441,1.93273953281162,-0.245735467014808,6.24833080021214,3.36221650035506,2.74288937840114,4.51518443074936,4.06602009719345,,,2.87889595925545,4.90848660189231,
2006,39558890,20697900,189012412,32570505,1311020000,82376451,497973707,63621376,60846820,229838202,1161977719,58143979,127854000,48438292,110092378,143049528,24578301,68763405,298379912,48233804.4849866,90.55000019073486,95.21799993515015,88.5080003738403,93.69999980926514,96,89.75,91.78884736370117,91.0640001296997,94.65000009536743,89.7239999771118,95.6690001487732,93.22300004959106,95.90000009536743,96.5,96.43400001525879,92.94500017166138,93.75,91.2819995880127,95.40000009536743,77.3899993896484,40480743016,159927000000,159000000000,429507000000,782812000000,1077630000000,5672640000000,651268000000,784018000000,93411753739,229415000000,525760000000,655042000000,368143000000,278522000000,207914000000,113495000000,146413000000,2247260000000,84270599362,53550250227,146423000000,159216000000,464728000000,1023110000000,1236720000000,5744320000000,631842000000,719146000000,113143000000,199379000000,509513000000,719102000000,376047000000,266428000000,333908000000,225507000000,119616000000,1476320000000,79569689089,0.404334798718104,0.409792960745469,0.260416665380065,0.679811972467628,0.656190161471209,0.770821429019115,0.74190352104531,0.551872439858908,0.561242744791996,0.566570102721695,0.465920133071951,0.532922354034522,0.303317788290571,0.735512819042528,0.564550521517491,0.547333350027562,0.899447810860998,0.481496127950659,0.268736294635176,0.603155655782292,232557260817.308,747572626534.891,1107640325472.35,1315415197461.21,2752132089196.58,3002446368084.31,15388732742870.8,2325011918203.49,2678277828886.84,364570514304.85,920316529729.747,1942633841801.53,4530377224970.4,1011797457138.5,965281191371.844,989930542278.695,376900133511.348,552504962256.438,13855888000000,271638484826.109,13.7410524859152,5.06458641841692,6.77439071704219,2.61342617688325,3.9279245089491,0.304045355331681,2.89154297627856,2.16119809814923,2.94621763114804,14.0874244167926,6.42258434040779,1.89885376223829,-0.883356137089621,-0.139840054148664,6.18290931296303,15.1700471052716,11.572391836999,9.37170404381813,3.07226662502413,6.25538278771587,10.90112453,3.538487339,4.183680532,2.002025395,1.463189043,1.577429241,2.601969165,1.68372645,13.10941528,6.145522388,2.06978661,0.249355116,2.241847104,9.687108886,2.207346666,3.225944101,4.641624894,3.629463226,2.333527794,9.597242123,-4.49629725369551,2.42509266770069,41.2401722178714,3.11759770851257,2.10922666011881,5.08050759729148,2.816,3.72578040656292,1.64361619214394,1.65815142163524,4.47735383342219,3.65354983591388,2.5708996704402,6.13592052873857,1.25154365825795,,,4.73961962314101,4.62215066201674,
2007,39970224,20827600,191026637,32887928,1317885000,82266372,499916649,64016229,61322463,232989141,1179681239,58438310,128001000,48683638,111836346,142805088,25252569,69597281,301231207,48883844.9909288,91.58500003814697,95.6230001449585,89.1409997940063,94,96.24000000953674,91.3420000076294,92.83154870103613,91.94600009918213,94.73799991607666,90.89400005340576,96.27600002288818,93.92500019073486,96.09999990463257,96.79999995231628,96.35500001907349,93.9980001449585,94.26999998092651,91.13199996948242,95.40000009536743,77.46999931335449,52567536062,183462000000,186000000000,469362000000,949017000000,1250790000000,6645090000000,756838000000,840508000000,109755000000,302093000000,612150000000,704407000000,427273000000,305989000000,279983000000,145279000000,176169000000,2383170000000,97213512134,65162321195,169724000000,186198000000,500336000000,1276950000000,1479520000000,6749040000000,722460000000,764372000000,127226000000,252325000000,604236000000,789870000000,439918000000,289465000000,392044000000,249318000000,143400000000,1664630000000,93220259696,0.409451706184525,0.413680762340911,0.25292530972189,0.661920203592937,0.626647663972812,0.793705504868237,0.753270117088939,0.555477094676896,0.523956015128455,0.548292047226181,0.461587351470046,0.552136430390235,0.330938972727812,0.772429947079526,0.570647211782363,0.517061080730883,0.948631411631952,0.472907215896801,0.279589863952227,0.636018404367989,287530508430.568,853764622752.61,1397084381901.29,1464977190205.75,3552182714426.55,3439953462907.2,17781304404686.5,2663112510265.54,3063005202080.83,432216737774.861,1201111768410.27,2203053327128.39,4515264514430.57,1122679154632.41,1043471321169.09,1299705247685.76,415964509673.115,675754121015.013,14477635000000,299415505152.298,14.9399250245835,4.97564184080908,6.43903483243355,3.31877548049775,7.80501831783759,1.69738727073032,2.9319878327625,2.56390634269327,2.54830913400426,11.2585785308971,5.75624346624512,2.43460291150103,-0.729576472737151,2.39723134631961,5.02281099734046,13.804375397885,8.43538100051701,6.21664178420616,2.66133639357713,8.84941017532887,8.831412989,2.332361516,3.637027934,2.138383993,4.750296622,2.29834058,2.633694973,1.488073528,6.407448459,6.369996746,1.821444594,0.060039454,2.534846871,8.991328161,4.168713364,2.852672482,7.098419808,3.966849629,2.321035915,8.75618091,-3.38254239370576,3.06756066079361,35.0225195981147,2.69591966534165,-0.310763193648254,4.19064787238928,2.8786,4.59820011296079,2.88683375116463,2.33967409088073,6.86918297112819,3.80740196930179,2.6320291380842,4.05717543894938,2.41663912048321,,,5.24897083529492,3.96626539765702,
2008,40382389,21249200,192979029,33245773,1324655000,82110097,501808478,64374990,61806995,236159276,1197146906,58826731,128063000,49054708,113661809,142742350,25940770,70440032,304093966,49557573.2955342,92.16300010681152,95.76599979400635,90.42700004577637,93.90000009536743,95.6399998664856,92.47499990463257,92.99615916886773,92.51599979400635,94.38500022888184,91.60799980163574,95.84600019454956,93.27699995040894,96,96.79999995231628,96.09599995613098,93.79500007629395,94.92000007629395,90.28999996185303,94.19999980926514,77.5860004425049,66316154417,235793000000,230000000000,505034000000,1146480000000,1406580000000,7411150000000,851828000000,857529000000,146707000000,350103000000,663510000000,855184000000,500830000000,332287000000,366597000000,176685000000,206983000000,2565010000000,106925000000,79762958392,208368000000,229513000000,531710000000,1472540000000,1630770000000,7441700000000,800627000000,774711000000,152090000000,288043000000,644649000000,877807000000,500723000000,307236000000,520004000000,322854000000,174469000000,1841940000000,102272000000,0.404026733789319,0.420872114990637,0.272575962464503,0.669242213944629,0.569574379771873,0.809449376205235,0.776912183213565,0.565238383896584,0.567644190322275,0.585613937242947,0.53763386612868,0.547179912413879,0.343990172112152,0.99933542176676,0.580711301149925,0.533825441722711,0.961027463039403,0.499071771104089,0.299414033226842,0.729494427290453,361558037110.419,1055334825425.25,1695824517395.57,1549131208997.19,4598205419718.8,3752365607148.09,19117797795887.7,2923465651091.26,2875463235294.12,510228635279.289,1186952757636.11,2390729210487.77,5037908465114.48,1002219052967.54,1101275278668.79,1660844408499.61,519796800000,764322933264.927,14718582000000,286769839732.726,23.1711649813124,4.53631085419291,8.77839515254186,4.00497585839396,7.82737897557671,0.838791683041933,3.19935356384474,2.37911910882363,2.82417377049242,18.1497513159331,8.66466534681882,2.48058439751748,-0.980957075905891,2.95666298529238,6.00125274209972,17.9596204069128,17.6898311989688,12.0373364129503,1.96161238330106,8.83150376832565,8.584013752,4.352643242,5.663098519,2.370270674,5.864383723,2.628383067,4.204766653,2.813915043,9.776585195,8.351816444,3.375044061,1.380078862,4.673795957,14.11222781,9.868751965,3.839100297,11.53645077,5.124981692,3.613498886,10.44412838,-3.00639086148202,4.18230033508502,35.3669538822564,0.696304001126553,-2.33463801076617,5.08852618254944,3.704,5.62049593178593,1.8002912106765,-3.85224508042276,4.27722722777174,4.25126928002575,2.91909211657565,4.09072149962999,2.55139920007605,,,3.06574949496472,5.78278900296333,
2009,40799407,21691700,194895996,33628571,1331260000,81902307,503317964,64707044,62276270,239340478,1214270132,59095365,128047000,49307835,115505228,142785342,26661492,71339185,306771529,50255813.1102008,91.35499954223633,94.4390001296997,90.27000045776367,91.69999980926514,95.70900011062622,92.25799989700317,91.08497076592693,90.85299968719482,92.46299982070923,92.1269998550415,96.09400010108948,92.25099992752075,94.90000009536743,96.40000009536743,94.62099981307983,91.69900035858154,94.61999988555908,87.4479999542236,90.69999980926514,76.4769992828369,48268743530,207759000000,181000000000,410146000000,1029590000000,1123250000000,5779140000000,686824000000,674719000000,115217000000,346362000000,505483000000,626196000000,386595000000,257337000000,250605000000,162069000000,150580000000,1983180000000,81753543830,65133480388,208703000000,180894000000,389898000000,1244690000000,1292080000000,5945250000000,648448000000,622603000000,130358000000,272938000000,491150000000,655017000000,428868000000,244146000000,341584000000,202056000000,145519000000,1587740000000,82958801498,0.340571269054782,0.449176266120322,0.221059187726276,0.583482658091765,0.445068582628578,0.706649053766239,0.686404228340897,0.495678369813157,0.54805755982886,0.455122427695452,0.467770338232012,0.456091511640042,0.244909057450955,0.904126175571616,0.560348289079084,0.484351247593228,0.848582638801279,0.459312800138744,0.247658273029285,0.556580054211875,332976484577.619,927168310999.853,1667019605881.76,1371153004986.44,5109954035775.98,3418005001389.27,17080879375428,2693827452070.02,2367127278392.27,539580088908.138,1323940295874.06,2185160158794.11,5231382674593.7,901934953364.711,894948748436.748,1222643696991.85,429097866666.667,644656538878.423,14418739000000,295936485832.635,15.3776493708921,4.92526547305063,7.31353998190154,-2.29424686005751,-0.13387524253784,1.75699419961073,1.64371180436464,0.0966244242143262,1.53042940911854,8.27475303215672,6.06382930379384,1.9578220236524,-0.610529693175536,3.54229742994067,3.53693541013497,1.99379554445613,-15.7132304298304,5.40180338022745,0.759434764489896,7.50453338539798,6.282774315,1.82011224,4.886408444,0.299466803,-0.702949137,0.312737723,0.950366,0.088084169,4.813524326,10.87739112,0.750149177,-1.35283673,2.756686477,11.66055046,5.066632331,-0.355546266,7.13,5.297357127,2.166231372,6.250976631,0.240385057782125,1.04414113735465,34.7919377409368,4.80020883383736,5.45117301363099,3.15015771210893,6.923,7.35543509564273,-0.872214121033097,5.74795150936823,5.77357119425362,2.74510046160557,2.34819948159902,2.03479089127953,3.41639555248555,,,2.47179357578913,3.91034667613962,
2010,41223889,22031750,196796269,34005274,1337705000,81776930,504421131,65027512,62766365,242524123,1230980691,59277417,128070000,49554112,117318941,142849449,27425676,72326914,309348193,50979432.3622277,92.28599977493286,94.78900003433228,91.51200008392334,91.89999961853027,95.80000019073486,93.03399991989136,90.44171414474684,90.69600009918213,92.21299982070923,92.8600001335144,96.45000004768372,91.63799953460693,94.90000009536743,96.29999995231628,94.6710000038147,92.65500020980835,94.44999980926514,89.3400001525879,90.39999961853027,75.3129997253418,67937933972,233202000000,237000000000,499993000000,1380080000000,1266130000000,6403940000000,739135000000,752366000000,169158000000,448917000000,577110000000,773860000000,506037000000,326637000000,322367000000,174203000000,196446000000,2364990000000,102733000000,80208867996,222103000000,237192000000,469066000000,1602480000000,1443740000000,6551410000000,689322000000,688755000000,183481000000,374237000000,535264000000,857110000000,540896000000,313989000000,445513000000,261831000000,157840000000,1852340000000,107392000000,0.3497101326355,0.398385032308085,0.225173789909896,0.600607603303464,0.488894542797465,0.793033365134412,0.763073570520259,0.539684513880563,0.593131908870874,0.467013279284852,0.496888516576354,0.523455763824514,0.286130162528462,0.956540550532356,0.609464910248356,0.503555568675298,0.825498024260176,0.458992852421925,0.281824723416391,0.559811743633933,423627422092.49,1142876772659.21,2208871646202.82,1613464422811.13,6100620356557.32,3417094562648.95,16977855795546.3,2646837111794.78,2429680444512.61,755094160363.071,1656617073124.71,2125058270201.64,5700098114744.41,1094499338702.72,1051128603513.77,1524916112078.87,528207200000,771876943465.616,14964372000000,375349396273.835,20.915124272047,1.00957243227722,8.42335217256449,2.87406221907469,6.94443409216304,0.75770440762841,0.995882883946997,1.07982549920914,1.54207231652843,15.2642929536146,8.98381955791081,0.319448679312458,-1.8956812348698,3.16144424827201,4.48515814278088,14.186991670225,17.1912918700132,7.01265772061231,1.22134939747505,6.35097741854314,10.78011543,2.845225682,5.038316946,1.776871541,3.325774987,1.103808561,1.669887361,1.529639382,5.1327549,11.99229692,1.539893392,-0.719979429,2.939181359,6.852353956,5.343137255,1.640043442,4.257415985,4.156727837,3.285714286,8.566444206,-8.56602872006595,6.20693077242056,29.1157890450193,-0.26235529791102,-1.06076964340696,,5.08,,-1.02624684798639,-1.74609693546449,-0.596849661306988,3.70039711763261,3.5615298206882,2.27819844470045,0.767102752326333,,,2.00417265191641,3.27439953944702,
2011,41656879,22340024,198686688,34342780,1344130000,80274983,504012082,65342776,63258918,245707511,1247236029,59379449,127833000,49936638,119090017,142960868,28238020,73409455,311663358,51729345.3578159,92.82100009918213,94.9190001487732,92.21999979019165,92.5,95.65999984741211,94.17600011825562,90.35680088943634,90.7519998550415,91.96300029754639,92.52199983596802,96.46300005912781,91.64099979400635,95.47900009155273,96.59999990463257,94.80600023269653,93.50400018692017,94.23000001907349,91.20400047302246,91.10000038146973,75.35700035095209,88839174035,279402000000,300000000000,568146000000,1825400000000,1500430000000,7401890000000,869267000000,839607000000,212997000000,566667000000,650488000000,952436000000,652368000000,380779000000,408777000000,197977000000,253099000000,2686370000000,123611000000,97810932629,293850000000,299977000000,546694000000,2006300000000,1684130000000,7597640000000,795925000000,799278000000,235095000000,447384000000,614743000000,919001000000,670343000000,366164000000,573992000000,376224000000,185345000000,2106370000000,126985000000,0.352061549999508,0.412246305484378,0.237016140181547,0.623286447953514,0.505998348459004,0.847476237249389,0.817834889992956,0.58168985602177,0.628208184606865,0.50180011382722,0.556238742862776,0.555829719888649,0.303930049589481,1.10000078929848,0.637765505063127,0.483701254172296,0.855434706232757,0.526630067935164,0.30885184012348,0.601788302053901,530163281574.658,1390557034407.97,2616201578192.25,1788647906047.76,7572554360442.62,3757698281117.55,18340538607136.1,2862680142625.14,2608824654243.59,892969107923.094,1823049927772.05,2276292459232.78,6157459594823.72,1202463682633.85,1171187519660.64,2031768558635.85,671238840108.229,832546462299.564,15517926000000,416418862155.872,23.7034721839593,6.18435123901055,8.31858979475497,3.24204969212079,8.1521610185408,1.07047690808513,1.90029516204724,0.943611724118327,2.01143754738268,7.46594303367513,8.5397143955493,1.46839041611908,-1.67428580647324,1.58460367985889,5.28786861865076,23.64165340661,15.5293905561222,8.18856849438845,2.0646274665789,6.53221095474758,9.465686275,3.303850156,6.636198657,2.912135089,5.410918114,2.075172931,3.309659785,2.117486809,5.357499604,8.857845297,2.741438213,-0.267633601,4.02584625,8.435217224,5.823591056,3.156841569,5.000472634,3.407379617,4.484239645,6.471879671,-7.77340523607893,1.46269082295701,32.8334624794944,-0.234448747232939,-1.47214905698264,,3.39,,-1.48163537709254,4.59437674883754,1.49894651941715,3.08546951194196,3.22926967699458,4.1078039082496,-0.353350571341632,,,1.16139407240697,2.31647219478123,
2012,42096739,22728254,200560983,34750545,1350695000,80425823,505104334,65659790,63700300,248883232,1263065852,59539717,127629000,50199853,120828307,143201676,29086357,74569867,313998379,52506515.0772335,92.7829999923706,94.77899980545044,92.64799976348877,92.69999980926514,95.53000020980835,94.62099981307983,89.5461642354789,90.1850004196167,92.11399984359741,93.87200021743774,96.37700009346008,89.3450002670288,95.69999980926514,96.79999995231628,95.0770001411438,94.54199981689453,94.48000001907349,91.85099983215332,91.89999961853027,75.2730007171631,78013690407,328788000000,289000000000,587121000000,1943220000000,1413770000000,7021970000000,822620000000,844201000000,229362000000,571307000000,572068000000,998182000000,654764000000,400635000000,447049000000,215206000000,249766000000,2763840000000,123560000000,88655850854,327174000000,288502000000,551183000000,2175080000000,1629610000000,7358940000000,764789000000,791497000000,225744000000,448401000000,592545000000,902242000000,688933000000,387365000000,594193000000,399420000000,206848000000,2198180000000,117805000000,0.305265423718063,0.426449328402183,0.247652849591672,0.623971394524539,0.481079078604667,0.858745433957583,0.832627962894606,0.592003976908257,0.618177011218781,0.495828433843709,0.557937665223202,0.56184871409416,0.306361229709173,1.09886244304275,0.664083189530371,0.479803266911208,0.83511821844816,0.52245250277565,0.307145879158205,0.609003500774928,545982375701.128,1538194473087.23,2465188674415.03,1824288757447.57,8560546868811.69,3543983909148.01,17271715977529.1,2681416108537.39,2646002634059.62,917869910105.749,1827637859136.23,2072823111961.1,6203213121334.12,1222807284485.31,1186598324461.82,2170143623037.67,735974843348.664,873981840596.288,16155255000000,396327771010.962,22.3148806733049,2.05514105691216,7.94315412618023,1.2212523760043,2.39247173883645,1.54029407928131,1.72994144437008,1.15764891531541,1.53913891153819,3.75387875323653,7.93438747794598,1.38015358028495,-0.761495290051812,1.04350222380643,3.25245432694732,8.29894029533529,4.01551535485663,7.41821791158203,1.84205148309647,5.28284575597743,10.03025902,1.762780156,5.40196475,1.515678231,2.643051771,2.008491182,2.718769045,1.9556855,4.279511959,9.312445605,3.04136253,-0.051939058,2.187221208,5.086829568,2.885962454,2.069337265,5.653583003,4.111508546,2.821709747,8.891569965,-6.74819555440486,4.82078501106008,26.5820586518577,1.75728671819652,3.52323583941303,,3.7053,,-1.02338755545632,7.75018856489028,2.47352048879347,3.79003807354879,2.18563882677525,4.30738346725821,1.4318100388246,,,1.38248247791555,3.29318059283719,
2013,42539925,23117353,202408632,35155451,1357380000,80645605,506592457,65998570,64128226,252032263,1278562207,60233948,127445000,50428893,122535969,143506911,29944476,75787333,316204908,53311955.6100823,92.90000009536743,94.3439998626709,92.86800003051758,92.90000009536743,95.46000003814697,94.76900005340576,89.1479536205365,89.6479997634888,92.47399997711182,93.83300018310547,96.42600011825562,87.8509998321533,96,96.90000009536743,95.05700016021729,94.52199983596802,94.42999982833862,91.26799964904785,92.59999990463257,75.4379997253418,81240190817,327211000000,288000000000,586141000000,2119380000000,1479940000000,7248360000000,856336000000,868085000000,225519000000,527555000000,566796000000,939997000000,638384000000,412197000000,468623000000,229901000000,266909000000,2768610000000,122046000000,80690471898,309446000000,287592000000,555798000000,2354250000000,1703560000000,7711560000000,803461000000,812795000000,218308000000,472180000000,614915000000,820553000000,703396000000,401082000000,592497000000,387644000000,211719000000,2276610000000,113271000000,0.293339290020389,0.406244056839508,0.25561882527615,0.619733878127782,0.465652709273703,0.848364702010722,0.830981707605809,0.59098820688964,0.618082053768066,0.486372888279171,0.538440829933769,0.55466596686929,0.341475294471147,1.02770747603371,0.644445938997037,0.475705238570482,0.82709084027971,0.503503255590923,0.302262520536629,0.64184857483071,552025140252.246,1567178619062.28,2472806919901.67,1842628005830.18,9607224248684.59,3752513503278.41,18002706275463.5,2808511203185.39,2719509472492.7,912524136718.018,1856722121394.42,2130491269673.44,5155717056270.83,1305604981271.91,1261981728468.52,2230625004653.55,746647127407.619,950595641011.836,16691517000000,366623856821.783,23.9487984162746,-0.166501266127696,7.50451997865365,1.58515503754811,2.22523699417445,1.96539051660558,1.38581322992074,0.776636467932931,1.90430818273626,4.96599029131677,6.18650400082137,1.21193596513169,-0.33339367005641,0.853333712066899,1.75881177183854,4.77045756551738,-1.21633459270319,6.2688139125237,1.61500708831899,6.14544938512967,10.61943301,2.449888641,6.201899613,0.938291898,2.62808601,1.504722267,1.387689947,0.86360693,6.413386778,10.90764331,1.219992129,0.346440326,1.301377058,6.74173735,3.506263617,1.464832656,5.751533742,3.806389823,2.554546687,7.493090305,-5.48583918237899,6.35625117147311,18.4988935274181,1.39276743922765,3.69259403726368,,4.4518,,-1.3780655673733,6.37493124212137,3.86599286272159,3.88514522920465,1.64262006136407,3.7579319213054,2.44649236576852,,,1.60900732926186,2.21823038906479,
2014,42981515,23460694,204213133,35544564,1364270000,80982500,508157247,66331957,64613160,255131116,1293859294,60789140,127276000,50746659,124221600,143819666,30776722,77030628,318563456,54146734.739162,92.73199987411499,93.92600011825562,93.18800020217896,93.09999990463257,95.40700006484985,95.01900005340576,89.8095051241193,89.6949996948242,93.88899993896484,94.05999994277954,96.47000002861023,87.31700038909909,96.40000009536743,96.5,95.1690001487732,94.8439998626709,94.28000020980835,90.11999988555908,93.80000019073486,75.1100006103516,73691675720,307764000000,270000000000,584533000000,2261250000000,1508830000000,7515790000000,879944000000,914479000000,217485000000,529240000000,569203000000,970348000000,635406000000,433209000000,426062000000,255383000000,258295000000,2883160000000,115679000000,75841712305,303843000000,270453000000,566203000000,2524160000000,1778170000000,8026490000000,823709000000,853875000000,210820000000,468331000000,630598000000,850777000000,709556000000,419207000000,558283000000,354541000000,221999000000,2373650000000,109569000000,0.284111340480205,0.419024306011546,0.246854103650626,0.641835443289241,0.456519794184239,0.8473229289313,0.836135307270121,0.597918723008151,0.58968060917468,0.480801420816009,0.490112118179731,0.557597570112902,0.375587776009617,0.952972202418539,0.656513311370862,0.476989383902759,0.806404072082277,0.514141049666998,0.30223531706792,0.642005509292282,526319673731.638,1459597906912.7,2455993200170,1792883225804.38,10482371325324.7,3879276587198.91,18588239232261,2849305322684.76,2998833559195.71,890814755233.225,2035393459980.06,2151732834411.5,4848733415523.53,1411333926201.24,1298398654278.73,2063662281005.13,756350347320.381,934167774215.031,17393103000000,350850571747.123,40.2829716315506,1.43874794907515,7.84668458883699,1.8963851403141,0.828368559001234,1.83197165224502,0.883997611111035,0.576458624297544,1.64553234384388,5.44317454935587,3.05140131860443,0.958909338312111,1.74966059983883,0.600438072898797,4.70666035951339,10.712721086126,-2.26999804865699,7.42167774563404,1.79035167185162,5.77018256702956,,2.487922705,6.332092342,1.906635907,2.000344887,0.906797035,0.220566201,0.507700673,6.394925408,6.649500151,0.241057543,2.761954083,1.274799694,7.829839704,2.670525554,1.622222977,6.067198453,4.018617202,1.460191609,8.854572714,-11.6006987702161,4.44726708692187,22.4037009914695,1.08307557541536,4.73242948308399,,4.0172,,-1.12698740163887,6.79211858069752,6.98544472882967,3.87064138664545,-0.521371697993656,3.64103311138692,-1.10307566766146,,,1.43397513042685,3.17179884873923,
2015,43417765,23789338,205962108,35848610,1371220000,81686611,509703315,66624068,65128861,258162113,1309053980,60730582,127141000,51014947,125890949,144096870,31557144,78271472,320896618,55011976.6820294,93.37799978256226,93.94000005722046,91.47900009155273,93.09999990463257,95.41499996185303,95.37599992752075,90.63662791709513,89.6409997940063,94.69899988174438,94.01000022888184,96.50999999046326,88.1040000915527,96.59999990463257,96.40000009536743,95.66400003433228,94.43300008773804,94.40999984741211,89.7639999389648,94.69999980926514,74.8500003814697,69277437464,284286000000,232000000000,527476000000,2045760000000,1312470000000,6613390000000,758772000000,839561000000,178472000000,465097000000,494893000000,787152000000,530642000000,426990000000,281420000000,253555000000,223150000000,2788960000000,99910828425,64367776224,264829000000,232477000000,490372000000,2431260000000,1582310000000,7185670000000,722100000000,790107000000,182167000000,416787000000,548573000000,772994000000,626899000000,404706000000,391556000000,218010000000,200727000000,2264920000000,96460194342,0.22856608264511,0.408147673554251,0.269559108348338,0.655488784254088,0.404623193169747,0.860619597925343,0.84476198057864,0.608520346125584,0.569596757197959,0.418735954126926,0.41760792773266,0.571792827650441,0.355947716603235,0.837121140919526,0.722562273141989,0.492710391757296,0.720749950315548,0.493233733330277,0.280200622643409,0.618673417944593,584711485367.267,1345383143356.35,1803652649613.75,1552807652015.37,11064664793255.7,3363599907529.78,16334844026788,2433562015516.21,2861090726739.55,861256351277.359,2111751098184.5,1824902219021.73,4383076298081.86,1382764027113.82,1151037122909.08,1365865245098.18,654269902888.715,859383637728.94,18036648000000,317406594612.388,24.545356530691,-0.701661697925687,7.9020523787274,-0.779228692907537,0.0933274404789444,1.96947445513199,0.939889708731293,1.09231638994078,0.550055467650239,4.02888035551034,1.78578976048462,0.667433564193459,2.03533450547444,2.39465886357712,2.98773081825823,8.15091126166993,-16.9085254147247,7.80413029487208,1.07592055570356,4.9940461641711,,1.508366722,9.027601288,1.125241361,1.437024514,0.234429945,-0.058533611,0.037803733,6.363121131,4.906973441,0.03878675,0.78951789,0.706962879,15.52633251,2.184637068,0.118627136,4.588271042,2.720641263,0.050020842,7.670853648,0.297463360306844,6.32101383089768,33.4157508219134,3.5821417693953,4.25270362008128,,4.1731,,,8.29925268347112,8.07828243234876,3.43886430123305,-0.874698139097319,1.11204479061089,0.422156288217484,,,2.16083062344486,4.21225837470847,
2016,43847430,24127159,207652865,36286425,1378665000,82667685,511497415,66896109,65637239,261115456,1324171354,60600590,126994511,51245707,127540423,144342396,32275687,79512426,323127513,55908865,93.44299983978271,94.26200008392334,88.5480003356934,92.92700004577637,95.39499998092651,95.6890001296997,91.41553469796033,90.03499984741211,95.15100002288818,94.40000009536743,96.54200005531311,88.4589996337891,96.86400008201599,96.34800004959106,95.9850001335144,94.27699995040894,94.47100019454956,89.6709995269775,95.0939998626709,74.0729999542236,73587756603,253979000000,224000000000,510595000000,1950370000000,1326710000000,6675230000000,769431000000,797270000000,170658000000,467122000000,491307000000,745652000000,500172000000,418274000000,263747000000,195108000000,214637000000,2735810000000,88976191124,69687842989,227285000000,224312000000,474344000000,2199970000000,1603930000000,7239980000000,721408000000,739195000000,177884000000,434116000000,554276000000,797490000000,596084000000,399504000000,329938000000,198290000000,189715000000,2214570000000,89406681714,0.262473860655931,0.399516380557244,0.246137012348219,0.643851769620914,0.370594357120663,0.845354924228379,0.848593047340113,0.604691474651978,0.586686545608452,0.373868134862968,0.398157293679998,0.565189023413299,0.312415885899212,0.776800301652778,0.781815975109058,0.462673332695478,0.608562257169664,0.471410640000652,0.266592349656149,0.605014518439489,545866164478.053,1204616439828.41,1796186586414.45,1529760492201.35,11199145157649.2,3466756880460.62,16397979816576.1,2465453975282.24,2618885692029.18,932259177765.307,2263522518124.03,1849970464191.78,4939383909875.27,1411245589976.63,1045998068645.15,1283162348132.89,646438380568.715,857748989287.642,18569100000000,294840648284.114,40.8517904871935,-0.41372321405467,8.33256679010704,0.605291331605656,1.21171002115736,1.44425096610222,0.810367259620925,0.38526565465024,1.73620893725683,2.4501282439342,3.61178843662309,0.754301297103581,0.284989472226698,1.80730348847813,4.61134888865691,3.61034937785971,-2.88821731288022,7.72424685096023,1.31515188873801,6.79415871229064,,1.276990945,8.739478523,1.428759547,2,0.483355422,0.216667431,0.183334861,3.525805157,4.941447235,-0.123335389,-0.116666667,0.97,7.049766291,3.523510972,1.261583206,6.3262638,2.821707752,0.641613199,7.775134153,-6.82937039985165,5.85795895010104,40.4009934470507,2.08210586209623,3.100718264899,,3.6652,,,9.21248733522987,5.84944209035066,2.72133827962132,0.757601443418117,1.53249959291815,0.102268487896367,,,2.16800225531994,3.43106277087135,
,,,,,,,,,,,,,,,,,,,,,93.49399995803833,94.53999996185303,87.6450004577637,92.87200021743774,95.3600001335144,95.84299993515015,91.67456541263942,90.15900039672852,94.98799991607666,94.23099994659424,96.57200002670288,88.5920000076294,96.99900007247925,96.38599991798401,95.94999980926514,94.20100021362305,94.46099996566772,89.1630001068115,95.10200023651123,74.00200080871579,,,,,,,,,,,,,,,,,,,,,,,,,,,,,,,,,,,,,,,,,,,,,,,,,,,,,,,,,,,,,,,,,,,,,,,,,,,,,,,,,,,,,,,,,,,,,,,,,,,,,,,,,,,,,,,,,,,,,,,,,,,,,,,,,,,,,,,,,,,,
